"도서명","보유권수","작가","목표장르","목표구역","기존서가","기존장르"
"26년","1~3권","강풀","웹툰","A","5","웹툰"
"340일간의 유예","1~3권","미치","웹툰","A","5","웹툰"
"3인칭","1~1권","꼬마비","웹툰","A","3","웹툰"
"갓 오브 하이스쿨","1~3권","박용제","웹툰","A","2","웹툰"
"걸어서 30분","1~6권","이온도","웹툰","A","2","웹툰"
"견우와 선녀","1~6권","안수민","웹툰","A","5","웹툰"
"결혼하지 않아도 괜찮을까","1~1권","마스다 미리","웹툰","A","20","웹툰"
"계룡 선녀전","1~5권","돌배","웹툰","A","5","웹툰"
"고래별","1~6권","나윤희","웹툰","A","2","웹툰"
"고양이 엉덩이를 좋아합니다","1~1권","나나옹","웹툰","A","4","웹툰"
"고양이와 할아버지","1~6권","네코마키","웹툰","A","2","웹툰"
"곱게 자란 자식","1~9권","이무기","웹툰","A","3","웹툰"
"귀전구담","1~3권","QTT","웹툰","A","5","웹툰"
"그녀가 공작저로 가야 했던 사정","1~9권","고래/밀차","웹툰","A","5","웹툰"
"그다이","1~5권","최용성","웹툰","A","2","웹툰"
"그대를 사랑합니다","1~3권","강풀","웹툰","A","4","웹툰"
"금요일","1~2권","배진수","웹툰","A","9","웹툰"
"김비서가 왜 그럴까","1~6권","김명미","웹툰","A","4","웹툰"
"나 혼자만 레벨업","1~15권","장성락/추공","웹툰","A","3","웹툰"
"나답게 살고 있습니다","1~1권","마스다 미리","웹툰","A","20","웹툰"
"나빌레라","1~6권","HUN","웹툰","A","2","웹툰"
"나쁜 상사","1~4권","네온비","웹툰","A","9","로맨스,웹툰"
"나의 마녀","1~4권","해윤","웹툰","A","5","웹툰"
"날것","1~6권","로하","웹툰","A","5","웹툰"
"남과 여","1~7권","시니/혀노","웹툰","A","4","웹툰"
"남사친의 법칙","1~3권","이도윤","웹툰","A","2","웹툰"
"남자친구를 조심해","1~3권","이네","웹툰","A","4","웹툰"
"남팬만화","1~7권","장진","웹툰","A","4","웹툰"
"낮에 뜨는 달","1~5권","헤윰","웹툰","A","2","웹툰"
"내 남편과 결혼해줘","1~7권","LICO/성소작","웹툰","A","4","로맨스,웹툰"
"내 ID는 강남미인","1~5권","기맹기","웹툰","A","4","웹툰"
"내가 정말 원하는 건 뭐지","1~1권","마스다 미리","웹툰","A","20","웹툰"
"내일 (현재 시즌3)","1~22권","라마","웹툰","A","2","웹툰"
"너의 곁에서","1~1권","마스다 미리","웹툰","A","20","웹툰"
"노곤하개","1~8권","홍끼","웹툰","A","4","웹툰"
"노블레스 시즌1","1~3권","손제호, 이광수","웹툰","A","3","웹툰"
"노블레스 시즌2","1~3권","손제호, 이광수","웹툰","A","3","웹툰"
"노블레스 시즌3","1~3권","손제호, 이광수","웹툰","A","3","웹툰"
"녹두전","1~5권","혜진양","웹툰","A","2","웹툰"
"놓지마 정신줄","1~22권","신태훈/나승훈","웹툰","A","2","웹툰"
"닥터 프로스트 시즌4  #16~","1~21권","이종범","웹툰","A","3","웹툰"
"당신의 모든 순간","1~4권","강풀","웹툰","A","3","웹툰"
"대학일기","1~5권","자까","웹툰","A","4","웹툰"
"덴마","1~19권","양영순","웹툰","A","3","웹툰"
"독립일기","1~6권","자까","웹툰","A","4","웹툰"
"동네변호사 조들호","1~6권","해츨링","웹툰","A","3","웹툰"
"두근두근 두근거려","1~3권","하일권","웹툰","A","2","웹툰"
"롱 리브 더 킹 시즌1","1~5권","버드나무숲","웹툰","A","5","웹툰"
"롱 리브 더 킹 시즌2","1~9권","버드나무숲","웹툰","A","5","웹툰"
"롱 리브 더 킹 시즌3","1~10권","버드나무숲","웹툰","A","5","웹툰"
"롱 리브 더 킹 시즌4","1~8권","버드나무숲","웹툰","A","5","웹툰"
"마녀","1~4권","강풀","웹툰","A","4","웹툰"
"마음의 소리 레전드 +50","1~2권","조석","웹툰","A","1","웹툰"
"마음의 소리 레전드 100","1~4권","조석","웹툰","A","1","웹툰"
"모럴센스","1~4권","겨울","웹툰","A","2","웹툰"
"목욕의 신","1~3권","하일권","웹툰","A","3","웹툰"
"무빙","1~5권","강풀","웹툰","A","3","웹툰"
"문유","1~4권","조석","웹툰","A","1","웹툰"
"미이라 사육법","1~4권","우즈기 카케루","웹툰","A","7","웹툰"
"바른연애 길잡이","1~12권","남수","웹툰","A","4","로맨스,웹툰"
"바보","1~2권","강풀","웹툰","A","4","웹툰"
"반도 프리퀄 631","1~3권","연상호","웹툰","A","3","웹툰"
"방과후 전쟁활동","1~5권","하일권","웹툰","A","3","웹툰"
"버림 받은 황비","1~9권","정유나/인아","웹툰","A","5","웹툰"
"부암동 복수자 소셜클럽","1~6권","사자토끼","웹툰","A","5","웹툰"
"뷰티풀 군바리","1~8권","설이","웹툰","A","3","웹툰"
"브릿지","1~5권","강풀","웹툰","A","3","웹툰"
"빙탕후루","1~9권","장희/주호민","웹툰","A","3","웹툰"
"뽀짜툰","1~8권","채유리","웹툰","A","2","웹툰"
"사내 맞선","1~10권","해화/NARAK","웹툰","A","5","로맨스,웹툰"
"사내 연애 사절","1~6권","두부/남수","웹툰","A","5","로맨스,웹툰"
"살롯에게는 다섯 명의 제자가 있다","1~2권","","웹툰","A","4","웹툰"
"서울 자가에 대기업 다니는 김부장 이야기","1~5권","명랑/김병관","웹툰","A","5","웹툰"
"선천적 얼간이들","1~4권","가스파드","웹툰","A","3","웹툰"
"성공한 덕후","1~2권","","웹툰","A","4","웹툰"
"소녀신선","1~3권","효미","웹툰","A","1","웹툰"
"소녀의 세계","1~9권","모랑지","웹툰","A","4","웹툰"
"손안의 안단테","1~5권","나윤희","웹툰","A","5","웹툰"
"송곳","1~6권","최규석","웹툰","A","3","웹툰"
"순정만화","1~2권","강풀","웹툰","A","4","웹툰"
"순정말고 순종 시즌1","1~4권","슈안","웹툰","A","2","웹툰"
"스피릿 핑거스","1~13권","한경찰","웹툰","A","5","웹툰"
"시간의 계단","1~7권","제뉴","웹툰","A","4","웹툰"
"시동","1~4권","조금산","웹툰","A","3","웹툰"
"신비","1~5권","반지","웹툰","A","5","웹툰"
"실","1~10권","보리","웹툰","A","5","로맨스,웹툰"
"심연의 하늘","1~10권","윤인완","웹툰","A","5","웹툰"
"십이야","1~8권","무류","웹툰","A","2","웹툰"
"썅년의 미학","1~1권","민서영","웹툰","A","4","웹툰"
"썅년의 미학 플러스","1~2권","민서영","웹툰","A","4","웹툰"
"아 지갑놓고 나왔다 1부,2부","1~10권","미역의효능","웹툰","A","2","웹툰"
"아메리카노 엑소더스","1~11권","박지은","웹툰","A","1","웹툰"
"아무래도 싫은 사람","1~1권","마스다 미리","웹툰","A","20","웹툰"
"아일랜드 1부","1~4권","윤인완/양경일","웹툰","A","9","웹툰"
"아일랜드 2부","1~4권","윤인완/양경일","웹툰","A","9","웹툰"
"아쿠아맨","1~10권","맥퀸스튜디오","웹툰","A","2","웹툰"
"아파트","1~2권","강풀","웹툰","A","3","웹툰"
"악녀가 사랑할 때","1~9권","서귀조/대치동건물주","웹툰","A","5","웹툰"
"악마와 계약연애","1~8권","장진/움비","웹툰","A","5","웹툰"
"안나라 수마나라","1~3권","하일권","웹툰","A","2","웹툰"
"앙영의 일기장","1~2권","앙영","웹툰","A","2","웹툰"
"약한 영웅","1~9권","김진석","웹툰","A","3","웹툰"
"어느 날 공주가 되어버렸다","1~9권","스푼, 플루토스","웹툰","A","4","웹툰"
"어서와","1~3권","고아라 외","웹툰","A","2","웹툰"
"어쨌거나 청춘","1~4권","이보람","웹툰","A","4","웹툰"
"어쩌다 고양이 집사","1~2권","스기사쿠","웹툰","A","2","웹툰"
"어쩌다 발견한 7월","1~10권","무류","웹툰","A","2","웹툰"
"어쿠스틱 라이프","1~14권","난다","웹툰","A","1","웹툰"
"여신강림","1~19권","야옹이","웹툰","A","5","웹툰"
"여중생A","1~5권","허5파6","웹툰","A","4","웹툰"
"여혜","1~6권","비나리","웹툰","A","3","웹툰"
"연놈","1~20권","상하","웹툰","A","4","웹툰"
"연애혁명","1~38권","232","웹툰","A","4","웹툰"
"오늘도 사랑스럽 개","1~9권","이혜","웹툰","A","5","웹툰"
"옷소매 붉은 끝동","1~4권","","웹툰","A","2","웹툰"
"외과의사 엘리제","1~10권","mini/유인","웹툰","A","2","웹툰"
"외모지상주의","1~20권","박태준","웹툰","A","2","웹툰"
"우리사이느은","1~5권","이연지","웹툰","A","2","로맨스,웹툰"
"운빨 로맨스","1~3권","김달님","웹툰","A","4","로맨스,웹툰"
"울기엔 좀 애매한","1~1권","최규석","웹툰","A","20","웹툰"
"윈드 브레이커","1~20권","조용석","웹툰","A","2","웹툰"
"윈터우즈","1~7권","COSMOS 외","웹툰","A","5","웹툰"
"유미의 세포들","1~13권","이동건","웹툰","A","4","웹툰"
"이끼","1~4권","윤태호","웹툰","A","1","웹툰"
"이런 영웅은 싫어","1~27권","삼촌","웹툰","A","4","웹툰"
"이번 생도 잘 부탁해","1~12권","이혜","웹툰","A","4","로맨스,웹툰"
"이제 곧 죽습니다","1~6권","이원식/꿀찬","웹툰","A","3","웹툰"
"인소의 법칙","1~8권","아현","웹툰","A","2","웹툰"
"일쌍다반사","1~2권","강풀","웹툰","A","4","웹툰"
"재혼 황후","1~9권","알파타르트/숨풀","웹툰","A","4","웹툰"
"정년이","1~10권","서이레","웹툰","A","4","웹툰"
"정신병동에도 아침이 와요","1~3권","이라하","웹툰","A","3","웹툰"
"조명가게","1~3권","강풀","웹툰","A","5","웹툰"
"좀비딸","1~7권","이윤창","웹툰","A","3","웹툰"
"종의 기원","1~1권","개미","웹툰","A","3","웹툰"
"좋아하면 울리는","1~7권","천계영","웹툰","A","5","웹툰"
"주말엔 숲으로","1~1권","마스다 미리","웹툰","A","20","웹툰"
"중증 외상 센터 : 골든아워","1~11권","한산이가/홍비치라","웹툰","A","3","웹툰"
"지금 이대로 괜찮은 걸까?","1~1권","마스다 미리","웹툰","A","20","웹툰"
"지옥사원","1~9권","네온비","웹툰","A","2","웹툰"
"차의 시간","1~1권","마스다 미리","웹툰","A","20","웹툰"
"창백한 말 시즌1","1~3권","추혜연","웹툰","A","2","웹툰"
"창백한 말 시즌2","1~1권","추혜연","웹툰","A","2","웹툰"
"청춘로맨스","1~6권","미울","웹툰","A","5","로맨스,웹툰"
"취향저격 그녀","1~16권","로즈옹","웹툰","A","2","로맨스,웹툰"
"치에코씨의 소소한 행복","1~4권","마스다 미리","웹툰","A","20","웹툰"
"치즈인더트랩 시즌1","1~6권","순끼","웹툰","A","5","로맨스,웹툰"
"치즈인더트랩 시즌2","1~9권","순끼","웹툰","A","5","로맨스,웹툰"
"치즈인더트랩 시즌3","1~12권","순끼","웹툰","A","5","로맨스,웹툰"
"치즈인더트랩 시즌4","1~7권","순끼","웹툰","A","5","로맨스,웹툰"
"크로스 더 라인","1~8권","허윤미","웹툰","A","2","로맨스,웹툰"
"킹더랜드","1~2권","스푼","웹툰","A","2","웹툰"
"타이밍","1~3권","강풀","웹툰","A","3","웹툰"
"타인은 지옥이다","1~3권","김용키","웹툰","A","3","웹툰"
"파인","1~4권","윤태호","웹툰","A","1","웹툰"
"평균 연령 60세 사와무라씨 댁 시리즈","1~4권","마스다 미리","웹툰","A","20","웹툰"
"평균 연령 60세 사와무라씨 댁 행복한 수다","1~1권","마스다 미리","웹툰","A","20","웹툰"
"하루만 네가 되고 싶어","1~8권","삼","웹툰","A","4","웹툰"
"허니블러드","1~4권","이나래","웹툰","A","4","로맨스,웹툰"
"호러와 로맨스","1~5권","루시드","웹툰","A","5","로맨스,웹툰"
"화이트 블러드","1~8권","임리나","웹툰","A","3","웹툰"
"화장 지워주는 남자","1~7권","이연","웹툰","A","2","웹툰"
"후궁계약","1~4권","밥꾹/붉은마녀","웹툰","A","2","웹툰"
"DP","1~4권","김보통","웹툰","A","3","웹툰"
"N번째 연애 시즌1~3","1~6권","율로","웹툰","A","4","웹툰"
"강철의 연금술사 완전판","1~18권","아라카와 히로무","액션/모험","B","17","판타지,SF"
"고수","1~16권","문정후/류기운","액션/모험","B","2","액션,무협"
"골든 카무이","1~31권","사토루 노다","액션/모험","B","12","액션,무협"
"귀멸의 칼날","1~24권","고토게 코요하루","액션/모험","B","16","판타지,SF"
"귀멸학원","1~6권","고토게 코요하루","액션/모험","B","16","판타지,SF"
"나루토","1~72권","키시모토 마사시","액션/모험","B","17","판타지,SF"
"나의 히어로 아카데미아","1~42권","호리코시 코헤이","액션/모험","B","1","판타지,SF"
"녹색의 왕","1~9권","히로시 타카시지소가","액션/모험","B","18",""
"더 화이팅","1~144권","조지 모리카와","액션/모험","B","14","액션,무협"
"드래곤 볼 (완전판 드래곤볼)","1~34권","토리야마 아키라","액션/모험","B","17","판타지,SF"
"몽환 백서","1~20권","","액션/모험","B","19",""
"바람의 검심","1~22권","노부히로 와츠키","액션/모험","B","14","액션,무협"
"보루토","1~20권","코타치 우코","액션/모험","B","17","판타지,SF"
"블랙 클로버","1~36권","타바타 유키","액션/모험","B","13","판타지,SF"
"블러드 레인","1~5권","민","액션/모험","B","3","액션,무협"
"블리치","1~68권","쿠보 타이토","액션/모험","B","17","판타지"
"샤크","1~9권","운","액션/모험","B","3","액션,무협"
"신의 탑","1~17권","SIU","액션/모험","B","3","액션,무협"
"열혈강호","1~95권","전극진","액션/모험","B","15","액션,무협"
"오늘부터 우리는!!","1~38권","히로유키 니시모리","액션/모험","B","7","액션,무협"
"원피스","1~114권","오다 에이치로","액션/모험","B","16","판타지,SF"
"원피스 레드","1~1권","오다 에이치로","액션/모험","B","16","판타지,SF"
"원피스 블루","1~1권","오다 에이치로","액션/모험","B","16","판타지,SF"
"일진의 크기","1~4권","윤필","액션/모험","B","3","액션,무협"
"주술회전","1~30권","아쿠타미 게게","액션/모험","B","1","판타지,SF"
"진격의 거인","1~34권","이사야마 하지메","액션/모험","B","16","판타지,SF"
"진격의 거인Before the fall","1~17권","이사야마 하지메","액션/모험","B","16","판타지,SF"
"청소부 K","1~5권","신진우","액션/모험","B","3","액션,무협"
"체인소 맨","1~23권","타츠키 후지모토","액션/모험","B","1","판타지,SF"
"캐셔로","1~2권","team befar","액션/모험","B","2","액션,무협"
"통","1~4권","민","액션/모험","B","3","액션,무협"
"통 2부 비밀","1~4권","민","액션/모험","B","3","액션,무협"
"통 3부 유아독존","1~6권","민","액션/모험","B","3","액션,무협"
"페어리 테일","1~63권","히로 마시마","액션/모험","B","14","판타지,SF"
"헌터X헌터","1~38권","요시히로 토가시","액션/모험","B","17","판타지,SF"
"화산귀환","1~8권","비가","액션/모험","B","3","액션,무협"
"3월의 라이온","1~17권","우미노 치카","로맨스/로판","C","1","순정"
"4월의 너 스피카","1~10권","스기야마 미와코","로맨스/로판","C","6","로맨스"
"5등분의 신부","1~14권","하루바 네기","로맨스/로판","C","11","순정"
"5시부터 9시까지","1~16권","아이하라 미키","로맨스/로판","C","7","로맨스"
"80세 마리코","1~16권","오자와 유키","로맨스/로판","C","11","순정"
"건방진 그녀석","1~23권","미츠바치 미유키","로맨스/로판","C","11","순정"
"건어물 여동생 우마루짱","1~12권","산카쿠헤드","로맨스/로판","C","10","순정"
"결혼합시다","1~4권","미즈카미 와타루","로맨스/로판","C","6","순정"
"계절 지난 계단","1~1권","고토 시노부","로맨스/로판","C","7","순정"
"궁","1~28권","박소희","로맨스/로판","C","11","순정"
"귀여운 스님의 승복마저 사랑스러워","1~4권","혼마 아키라","로맨스/로판","C","7","순정"
"그 남자! 그 여자!","1~21권","츠다 마사미","로맨스/로판","C","10","순정"
"그녀는 거짓말을 너무 사랑해","1~22권","오가사와라 아키","로맨스/로판","C","10","순정"
"그러니까 사랑이라고 하지마","1~5권","후지와라 요시코","로맨스/로판","C","11","순정"
"금붕어 언덕","1~5권","피치핏","로맨스/로판","C","6","순정"
"꽃보다 남자 (37+FF)","1~38권","카미오 요코","로맨스/로판","C","15","순정"
"꽃에게 짐승","1~10권","스기야마 미와코","로맨스/로판","C","10","순정"
"꽃의 이름","1~4권","사이토 켄","로맨스/로판","C","6","순정"
"꿈의 궁전 피콜로","1~6권","나카지 유키","로맨스/로판","C","11","순정"
"나나 (21권+7.8권)","1~22권","야자와 아이","로맨스/로판","C","5","순정"
"나와 호랑이님","1~27권","카넬","로맨스/로판","C","13","로맨스,판타지"
"나의 짐승남","1~9권","차경희","로맨스/로판","C","6","순정"
"나츠메 우인장","1~32권","미도리카와 유키","로맨스/로판","C","7","순정"
"날씨의 아이","1~3권","신카이 마코토","로맨스/로판","C","10","순정,판타지"
"남자의 일생","1~4권","니시 케이코","로맨스/로판","C","6","로맨스"
"내가 인기 있어서 어쩌자는 거야","1~14권","준코","로맨스/로판","C","10","순정"
"내세에는 남남이 좋겠어","1~8권","코니시 아스카","로맨스/로판","C","2","로맨스"
"너는 펫","1~9권","야요이 오가와","로맨스/로판","C","7","순정"
"너에게 닿기를","1~30권","시이나 카루호","로맨스/로판","C","6","순정"
"너에게 닿기를 - 번외편","1~3권","시이나 카루호","로맨스/로판","C","6","순정"
"너의 이름은","1~3권","란마루 코토네","로맨스/로판","C","10","순정"
"너의 이름은 another side","1~2권","란마루 코토네","로맨스/로판","C","10","순정"
"너의 췌장을 먹고 싶어","1~2권","키리하라 이즈미","로맨스/로판","C","10","순정"
"네지","1~1권","유키 카오리","로맨스/로판","C","6","순정"
"누드 후르츠","1~3권","키타가와 미유키","로맨스/로판","C","12","순정"
"눈이 나려 꽃","1~24권","임해연","로맨스/로판","C","4","순정"
"뉴 게임","1~10권","쇼타로 토쿠노","로맨스/로판","C","12","순정"
"늑대 폐하의 신부","1~19권","마토 카우타","로맨스/로판","C","7","순정"
"니세코이","1~25권","나오시 코미","로맨스/로판","C","11","로맨스"
"도쿄 후회망상 아가씨","1~9권","히가시라무라 아키코","로맨스/로판","C","12","순정"
"둘시네아를 위하여","1~6권","황미리","로맨스/로판","C","15","순정"
"라세츠의 꽃","1~9권","시오미 치카","로맨스/로판","C","6","순정"
"레드문","1~18권","황미나","로맨스/로판","C","15","순정"
"마리아님이 보고계셔","1~8권","콘노 오유키","로맨스/로판","C","6","순정"
"마스카라 블루스","1~1권","이오 사키사카","로맨스/로판","C","10","순정"
"맨발의 왈츠","1~1권","오야 카즈미","로맨스/로판","C","7","순정"
"모르는 나라이야기","1~3권","나츠나 카와세","로맨스/로판","C","10","순정"
"물에 깃든 꽃","1~5권","시노하라 치에","로맨스/로판","C","7","순정"
"물에 빠진 나이프","1~17권","조지 아사쿠라","로맨스/로판","C","6","순정"
"미궁 시리즈","1~34권","카미야 유우","로맨스/로판","C","6","순정"
"미녀는 못말려","1~6권","스즈키 유미코","로맨스/로판","C","10","순정"
"미모의 디테일","1~1권","시노부 고토","로맨스/로판","C","7","순정"
"미스터리 커플","1~4권","오카노 후미카","로맨스/로판","C","11","순정"
"미카미 선생님의 사랑법","1~8권","아이카와 히로","로맨스/로판","C","6","순정"
"밀크","1~1권","자쿠리 사토","로맨스/로판","C","6","순정"
"바나나피쉬","1~19권","요시다 아키미","로맨스/로판","C","7","순정"
"바다의 이름 달의 그림자","1~18권","시노하라 치에","로맨스/로판","C","4","순정"
"반딧불이의 혼례","1~11권","오레코 타치바나","로맨스/로판","C","2","로맨스"
"버츄얼 그림동화","1~2권","강경옥","로맨스/로판","C","14","순정"
"병아리 사랑","1~14권","유키마루 모에","로맨스/로판","C","11","순정"
"병아리 상점","1~6권","스다 유리코","로맨스/로판","C","6","순정"
"병아리 왈츠","1~9권","사토나카 미카","로맨스/로판","C","10","로맨스"
"붉은여우","1~7권","하마","로맨스/로판","C","9","로맨스,판타지"
"비너스의 짝사랑","1~12권","나카지 유키","로맨스/로판","C","11","순정"
"뻐꾸기 커플","1~28권","미키 요시카와","로맨스/로판","C","10","로맨스"
"사랑노래 말고 내게 빠져봐","1~5권","신조 마유","로맨스/로판","C","10","순정"
"사랑애","1~15권","한유랑","로맨스/로판","C","15","순정"
"사랑의 포로","1~5권","히노 마츠리","로맨스/로판","C","7","순정"
"사랑전선","1~12권","쿄유미 마슈모토","로맨스/로판","C","18","로맨스"
"사랑하고 사랑받고, 차고 차이고","1~12권","이오 사키사카","로맨스/로판","C","10","순정"
"새벽의 연화","1~47권","쿠사나기 미즈호","로맨스/로판","C","6","로맨스,판타지"
"서뱀프","1~21권","타나카 스트라이크","로맨스/로판","C","13","순정,판타지"
"설희","1~17권","강경옥","로맨스/로판","C","4","순정"
"세이버","1~17권","이은영","로맨스/로판","C","14","순정"
"소년왕녀","1~5권","유키히로 우타코","로맨스/로판","C","14","순정"
"소년잔상","1~1권","유키 카오리","로맨스/로판","C","6","순정"
"소악마카페","1~4권","오다 아야","로맨스/로판","C","7","순정"
"손끝과 연연","1~12권","수 모리시타","로맨스/로판","C","2","로맨스"
"솔직 담백하게","1~7권","류량","로맨스/로판","C","15","순정"
"솔직하게 키스","1~9권","후미에 아쿠타","로맨스/로판","C","11","순정"
"슈가 달링","1~3권","마츠모토 미오","로맨스/로판","C","6","순정"
"스즈메의 문단속","1~3권","신카이 마코토","로맨스/로판","C","10","순정,판타지"
"스킵 비트","1~50권","나카무라 요시키","로맨스/로판","C","13","순정"
"스킵과 로퍼","1~11권","타카마츠 미사키","로맨스/로판","C","2","로맨스"
"스타가 되고싶어","1~2권","강경옥","로맨스/로판","C","14","순정"
"시공이방인 쿄코","1~3권","타네무라 아리나","로맨스/로판","C","6","순정"
"시이나 군의 동물백과","1~6권","토츠키 시야","로맨스/로판","C","11","순정"
"시집가긴 다 틀렸어!","1~5권","후지와라 키요","로맨스/로판","C","6","순정"
"신장판 꿈빛 파티시엘","1~6권","마츠모토 나츠미","로맨스/로판","C","2","순정"
"심심한 칠드런","1~12권","와카바야시 토시야","로맨스/로판","C","6","순정"
"아름다운 초저녁달","1~10권","미카 야마모리","로맨스/로판","C","2","로맨스"
"악마로소이다.","1~11권","타카나시 미츠바","로맨스/로판","C","6","순정"
"암컷늑대의 BOY","1~17권","한유랑","로맨스/로판","C","15","순정"
"애지중지","1~8권","요시하라 유키","로맨스/로판","C","6","순정"
"얼티밋 비너스","1~9권","시게마츠 타카코","로맨스/로판","C","7","순정"
"옆자리 괴물군","1~13권","로비코","로맨스/로판","C","6","순정"
"오늘, 사랑을 시작합니다","1~15권","미나미 카난","로맨스/로판","C","11","순정"
"오늘부터 신령님","1~25권","스즈키 줄리에타","로맨스/로판","C","7","순정"
"오늘은 회사 쉬겠습니다","1~13권","후지무라 마리","로맨스/로판","C","11","순정"
"오디션","1~10권","천계영","로맨스/로판","C","14","순정"
"오렌지 플래닛","1~5권","후쿠시마 하루카","로맨스/로판","C","7","순정"
"오빠와 나","1~11권","토케이노 하리","로맨스/로판","C","10","순정"
"오토 포커스","1~5권","록뽄기 아야","로맨스/로판","C","6","순정"
"우리들의 사육방법","1~6권","야마다 나리","로맨스/로판","C","7","순정"
"원수를 사랑하라","1~18권","한유랑","로맨스/로판","C","14","순정"
"유리가면 완전판14권+코믹스42~49권","1~22권","미우치 스즈에","로맨스/로판","C","15","순정"
"이 카드입니까","1~3권","강경옥","로맨스/로판","C","14","순정"
"이런 상사 때문에 곤란하다면","1~4권","미카 사쿠라노","로맨스/로판","C","10","순정"
"이매진","1~11권","마키무라 사토루","로맨스/로판","C","6","순정"
"인연","1~13권","심수정","로맨스/로판","C","14","순정"
"잔혹동화","1~1권","유키 카오리","로맨스/로판","C","6","순정"
"장난스런 키스","1~23권","카오루 타다","로맨스/로판","C","10","순정"
"장난을 잘 치는 타카기양","1~18권","소이치로 야마모토","로맨스/로판","C","6","순정"
"전당포 시노부의 보석상자","1~25권","니노미야 토모코","로맨스/로판","C","11","순정"
"조강지처 길들이기","1~12권","한유랑","로맨스/로판","C","15","순정"
"집사님 마음대로 21완결 + Encore 1권","1~22권","레이 이자와","로맨스/로판","C","6","순정"
"차장 하나부사씨","1~1권","미야코 리츠","로맨스/로판","C","6","순정"
"천상의 멜로디","1~9권","쿠미 마키무라","로맨스/로판","C","6","순정"
"철벽선생","1~13권","모모코 코다","로맨스/로판","C","7","순정"
"최애의 아이","1~16권","아카 아카사카/멘고 요코야리","로맨스/로판","C","2","로맨스"
"츠바키쵸 론리 플래닛","1~14권","미카 야마모리","로맨스/로판","C","6","순정"
"카드캡터 사쿠라 클리어카드편","1~16권","CLAMP","로맨스/로판","C","15","순정,판타지"
"카드캡터 체리","1~12권","CLAMP","로맨스/로판","C","15","순정"
"캐러멜 키스","1~4권","야가미 치토세","로맨스/로판","C","11","순정"
"캐릭캐릭 체인지","단권/완비","PEACH-PIT","로맨스/로판","C","6","순정"
"캐릭캐릭 체인지 두근두근","단권/완비","PEACH-PIT","로맨스/로판","C","6","순정"
"커피&바닐라","1~24권","타카라 아케가미","로맨스/로판","C","11","로맨스"
"컨트리 하우스에 어서오세요!","1~3권","아마네 유코","로맨스/로판","C","10","순정"
"클로버","1~24권","토리코 치야","로맨스/로판","C","7","순정"
"클로버 트레플","1~10권","토리코 치야","로맨스/로판","C","7","순정"
"키잭","1~7권","시오미 치카","로맨스/로판","C","11","순정"
"킹덤","1~75권","마오 후지사키","로맨스/로판","C","14","순정"
"타몬군 지금 어느쪽","1~11권","시와즈 유키","로맨스/로판","C","2","로맨스"
"패왕애인","1~9권","신주","로맨스/로판","C","18","순정"
"펠루아 이야기","1~20권","김연주","로맨스/로판","C","6","순정"
"푸른 상자","1~21권","코우지 미우라","로맨스/로판","C","1","로맨스"
"푸른 지평선 아래","1~4권","시토우 쿄교","로맨스/로판","C","6","순정"
"풀 하우스 키스","1~6권","시오뢰 유와","로맨스/로판","C","11","순정"
"프로미스 신데렐라","1~16권","오레코 타치바나","로맨스/로판","C","11","로맨스"
"피스","1~10권","아시하라 히나코","로맨스/로판","C","10","순정"
"하늘 정원","1~1권","쿠와바라유코","로맨스/로판","C","7","순정"
"하백의 신부 24+외전","1~25권","윤미경","로맨스/로판","C","14","순정"
"하트나라의 앨리스","1~6권","호시노 소우메이","로맨스/로판","C","10","순정"
"한밤중 하트튠","1~8권","마사쿠니 이가라시","로맨스/로판","C","11","로맨스"
"할램비트는 새벽까지","1~5권","카즈사 타카시마","로맨스/로판","C","8","순정"
"허니","1~9권","유타카 타치바나","로맨스/로판","C","7","순정"
"허니","1~3권","마치코 사쿠라이","로맨스/로판","C","10","순정"
"허니와 클로버","1~10권","우미노 치카","로맨스/로판","C","7","순정"
"헌신하겠습니다","단권/완비","토마 레이","로맨스/로판","C","6","순정"
"현재진행형 ing","1~4권","강경옥","로맨스/로판","C","14","순정"
"호리미야","1~17권","히로, 하기와라 다이스케","로맨스/로판","C","11","로맨스"
"환상의 게임","1~6권","이시영","로맨스/로판","C","15","순정"
"황제의 외동딸","1~14권","윤슬","로맨스/로판","C","4","순정"
"후르츠 바스켓","1~23권","타카야 나츠키","로맨스/로판","C","10","순정"
"후르츠 바스켓 another","1~4권","타카야 나츠키","로맨스/로판","C","10","순정"
"후쿠야당 딸들","1~11권","유치 야요미","로맨스/로판","C","12","순정"
"흑집사","1~34권","야나 토보소","로맨스/로판","C","7","순정,판타지"
"흰창문 너머","1~2권","히가와 쿄오코","로맨스/로판","C","10","순정"
"히노코","1~8권","츠다  마사미","로맨스/로판","C","10","순정"
"GIRLxGIRLxBOY","1~1권","쿠지라","로맨스/로판","C","11","순정"
"HELP!!","1~1권","후지와라 키요","로맨스/로판","C","6","순정"
"June Pride","1~1권","오야 카주미","로맨스/로판","C","7","순정"
"N과S","1~5권","렌쥬로 긴다이치","로맨스/로판","C","11","로맨스"
"P와 여고생","1~16권","마키 미요시","로맨스/로판","C","11","로맨스"
"가담항설","1~12권","랑또","판타지/무협","D","2","판타지,SF"
"공각기동대","1~3권","야마다, 마사키","판타지/무협","D","14","판타지,SF"
"공룡 메카드","단권/완비","초이락","판타지/무협","D","6","아이, 판타지"
"괴물사변","1~23권","쇼 아이모토","판타지/무협","D","13","판타지,SF"
"괴수8호","1~16권","나오야 마츠모토","판타지/무협","D","1","판타지,SF"
"극락가","1~5권","사노 유토","판타지/무협","D","1","판타지,SF"
"단다단","1~18권","타츠 유키노부","판타지/무협","D","1","판타지,SF"
"도쿄 리벤저스","1~31권","켄 와쿠이","판타지/무협","D","17","판타지,SF"
"도쿄대 리벤저스","1~6권","켄 와쿠이","판타지/무협","D","17","판타지,SF"
"드래곤 볼 슈퍼","1~24권","토리야마 아키라","판타지/무협","D","17","판타지,SF"
"디 그레이맨","1~29권","호시노 카츠라","판타지/무협","D","17","판타지,SF"
"라이어 게임","1~19권","카이타니 시노부","판타지/무협","D","9","판타지,SF"
"라이어 게임 외전","1~1권","카이타니 시노부","판타지/무협","D","9","판타지,SF"
"리얼 어카운트","1~24권","시즈무 와타나베","판타지/무협","D","12","판타지,SF"
"마기","1~37권","오타카 시노부","판타지/무협","D","14","판타지,SF"
"마기 신드바드의 모험","1~19권","오타카 시노부","판타지/무협","D","14","판타지,SF"
"마슐","1~18권","코모토 하지메","판타지/무협","D","12","판타지,SF"
"메이드 인 어비스","1~13권","아키히토 츠쿠시","판타지/무협","D","1","판타지,SF"
"모브사이코 100","1~16권","원","판타지/무협","D","13","판타지,SF"
"무능한 나나","1~13권","Looseboy","판타지/무협","D","11","판타지,SF"
"문호 스트레이독스","1~25권","하루카와 산고","판타지/무협","D","16","판타지,SF"
"미래일기 12권+외전2권","1~14권","타츠카와 마츠히코","판타지/무협","D","15","판타지,SF"
"베르세르크","1~42권","미우라 켄타로","판타지/무협","D","9","판타지,SF"
"불꽃 소방대","1~34권","오쿠보 아츠시","판타지/무협","D","16","판타지,SF"
"불멸의 그대에게","1~24권","오이마 요시토키","판타지/무협","D","13","판타지,SF"
"불쾌한 모노노케안","1~18권","와자와키리","판타지/무협","D","12","판타지,SF"
"비스타즈","1~22권","이타가키 파루","판타지/무협","D","13","판타지,SF"
"사라져라, 군청","1~3권","우즈키 아이/코노 유카타","판타지/무협","D","10","판타지,SF"
"사이키 쿠스오의 재난","1~26권","아소 슈이치","판타지/무협","D","12","판타지,SF"
"신과 함께: 신화편","1~3권","주호민","판타지/무협","D","3","판타지,SF"
"신과 함께: 이승편","1~2권","주호민","판타지/무협","D","3","판타지,SF"
"아르슬란 전기","1~21권","다나카 요시키","판타지/무협","D","16","판타지,SF"
"암살교실","1~21권","유세이 마츠이","판타지/무협","D","12","판타지,SF"
"약속의 네버랜드","1~20권","카이우 시라이 / 포스카 데미스","판타지/무협","D","13","판타지,SF"
"왕좌의 게임","1~2권","조지r.r.마틴","판타지/무협","D","18","sf"
"원펀맨","1~35권","원, 무라타 유스케","판타지/무협","D","17","판타지,SF"
"이누야시키","단권/완비","오쿠 히로야","판타지/무협","D","9","sf, 판타지"
"일곱개의 대죄","1~41권","스즈키 나카바","판타지/무협","D","14","판타지,SF"
"장송의 프리렌","1~15권","야마다 카네히토","판타지/무협","D","17","판타지,SF"
"전지적 독자 시점","단권/완비","슬리피","판타지/무협","D","3","판타지"
"제로에서 시작하는 마법의 서","1~6권","코바시리 카케루","판타지/무협","D","11","판타지,SF"
"종말의 세라프","1~33권","카가미 타카야","판타지/무협","D","12","판타지,SF"
"지박소년 하나코군","1~25권","아이다이로","판타지/무협","D","1","판타지,SF"
"천지창조 디자인부","1~8권","헤비 조우/츠타 스즈키","판타지/무협","D","18","판타지,SF"
"총몽 라스트 오더","1~12권","기시로 유키토","판타지/무협","D","17","판타지,SF"
"총몽 완전판 (알리타 원작)","1~6권","기시로 유키토","판타지/무협","D","5","판타지,SF"
"총몽 화성전기","1~9권","기시로 유키토","판타지/무협","D","17","판타지,SF"
"카구라바치","1~10권","타케루 호카조노","판타지/무협","D","1","판타지,SF"
"현자의 긴 부재","1~8권","모야무 후지노","판타지/무협","D","18","Sf"
"히로인즈 게임","1~3권","이오리 타바사","판타지/무협","D","9","판타지,SF"
"GIGANT (기간트)","1~10권","오쿠 히로야","판타지/무협","D","9","판타지,SF"
"개구리 하사 케로로","1~24권","요시자키 미네","일상/개그","E","18","명랑,코믹"
"개구리 하사 케로로 <특별판>","1~3권","요시자키 미네","일상/개그","E","18","명랑,코믹"
"괴짜가족","1~31권","켄지 하마오카","일상/개그","E","18","명랑,코믹"
"그램그램 영문법 원정대","단권/완비","장영준","일상/개그","E","20","아이, 교육"
"극주부도","1~15권","코우즈케 오오노","일상/개그","E","12","명랑,코믹"
"내일은 발명왕","단권/완비","곰돌이","일상/개그","E","6","아이, 교육"
"도라에몽","1~45권","후지코F 후지오","일상/개그","E","18","명랑,코믹"
"도라에몽","1~1권","후지코F 후지오","일상/개그","E","18","명랑,코믹"
"도라에몽 극장판 <진구의 인어대해전>","1~1권","후지코F 후지오","일상/개그","E","18","명랑,코믹"
"도라에몽 장편시리즈","1~23권","후지코F 후지오","일상/개그","E","18","명랑,코믹"
"도라에몽 컬러작품집","1~2권","후지코F 후지오","일상/개그","E","18","명랑,코믹"
"도라에몽 플러스","1~5권","후지코F 후지오","일상/개그","E","18","명랑,코믹"
"도티&잠뜰 코믹시리즈","단권/완비","김현수","일상/개그","E","20","아이, 코믹"
"레벨업 카카오프렌즈","단권/완비","김미영","일상/개그","E","20","아이, 교육"
"마루밑 아리에티","1~4권","미야자키 하야오","일상/개그","E","20","명랑,코믹"
"메이플스토리 수학도둑","단권/완비","여운방","일상/개그","E","20","아이, 교육"
"미기와 다리","1~7권","사노 나미","일상/개그","E","12","명랑,코믹"
"백 스트리트 걸스","1~12권","재스민 규","일상/개그","E","12","명랑,코믹"
"벼랑 위의 포뇨","1~4권","미야자키 하야오","일상/개그","E","18","명랑,코믹"
"보노보노","1~45권","이가라시 미키오","일상/개그","E","18","명랑,코믹"
"보노보노","1~45권","이가라시 미키오","일상/개그","E","18","명랑,코믹"
"사카모토 데이즈","1~26권","유토 스즈키","일상/개그","E","1","명랑,코믹"
"세인트 영멘","1~21권","히카루 나카무라","일상/개그","E","6","명랑,코믹"
"센과 치히로의 행방불명","1~5권","미야자키 하야오","일상/개그","E","18","명랑,코믹"
"스파이 패밀리","1~16권","타츠야 엔도","일상/개그","E","1","명랑,코믹"
"스페셜 솔져 생존탐험대","단권/완비","유대영","일상/개그","E","20","아이, 교육"
"스페셜 솔져 영단어를 쏴라","단권/완비","송도수","일상/개그","E","20","아이, 교육"
"아만츄","1~17권","아마노 코즈에","일상/개그","E","18","명랑,코믹"
"여학교의 별","1~4권","아야마 야마","일상/개그","E","12","명랑,코믹"
"요츠바랑","1~16권","아즈마 키요히코","일상/개그","E","18","명랑,코믹"
"월간순정 노자키군","1~16권","이즈미 츠바키","일상/개그","E","11","명랑,코믹"
"은혼","1~77권","소라치 히데아키","일상/개그","E","16","판타지,SF"
"이웃집 토토로","1~4권","미야자키 하야오","일상/개그","E","18","명랑,코믹"
"일하는 세포 black","단권/완비","","일상/개그","E","1","일상"
"조조코믹스","1~3권","이동건","일상/개그","E","5","일상"
"카카오프렌즈 과학 탐정단","단권/완비","조영선","일상/개그","E","20","아이, 교육"
"하울의 움직이는 성","1~4권","미야자키 하야오","일상/개그","E","18","명랑,코믹"
"한다군","1~7권","요시노 사츠키","일상/개그","E","12","명랑,코믹"
"흔한 남매 불꽃 튀는 우리말","단권/완비","한은호","일상/개그","E","20","아이, 교육"
"GOGO 카카오프렌즈","단권/완비","김미영","일상/개그","E","20","아이, 교육"
"GTO","1~14권","후지사와 토오루","일상/개그","E","9","일상"
"GTO 파라다이스 로스트","1~20권","후지사와 토오루","일상/개그","E","9","일상"
"고스트 바둑왕","1~23권","홋타 유미","스릴러/추리/호러","F","14","탐정,추리,게임"
"기기괴괴 시리즈","1~5권","오성대","스릴러/추리/호러","F","9","호러,디스토피아"
"기생수","1~8권","이와아키 히토시","스릴러/추리/호러","F","9","호러,디스토피아"
"기생수 리버시","1~8권","이와아키 히토시","스릴러/추리/호러","F","9","판타지,SF"
"김전일 37세의 사건부","1~18권","기바야시 신, 사토 후미야","스릴러/추리/호러","F","15","탐정,추리,게임"
"데스노트","1~12권","오바 츠구미","스릴러/추리/호러","F","12","호러,디스토피아"
"도쿄구울","1~14권","스이 이시다","스릴러/추리/호러","F","9","호러,디스토피아"
"도쿄구울:re","1~16권","스이 이시다","스릴러/추리/호러","F","9","호러,디스토피아"
"머니게임","1~4권","배진수","스릴러/추리/호러","F","5","탐정,추리,게임"
"명탐정 코난","1~107권","아오야마 고쇼","스릴러/추리/호러","F","15","탐정,추리,게임"
"소년탐정 김전일 30th","1~4권","기바야시 신, 사토 후미야","스릴러/추리/호러","F","15","탐정,추리,게임"
"소년탐정 김전일 시즌1","1~39권","기바야시 신","스릴러/추리/호러","F","15","탐정,추리,게임"
"소년탐정 김전일 시즌2","1~32권","기바야시 신, 사토 후미야","스릴러/추리/호러","F","15","탐정,추리,게임"
"소년탐정 김전일 특별판","1~6권","기바야시 신","스릴러/추리/호러","F","15","탐정,추리,게임"
"스위트 홈","1~12권","김칸비","스릴러/추리/호러","F","3","호러,디스토피아"
"신이 말하는대로","1~5권","카네시로 무네유키","스릴러/추리/호러","F","9","호러,디스토피아"
"신이 말하는대로 제2부","1~21권","카네시로 무네유키","스릴러/추리/호러","F","9","호러,디스토피아"
"신체찾기","1~17권","무라세 카츠토시","스릴러/추리/호러","F","9","호러,디스토피아"
"신체찾기 (해)","1~5권","무라세 카츠토시","스릴러/추리/호러","F","9","호러,디스토피아"
"심령탐정 야쿠모","1~2권","리츠 미야코","스릴러/추리/호러","F","9","탐정,추리,게임"
"심령탐정 야쿠모","1~14권","스즈카 오다","스릴러/추리/호러","F","9","탐정,추리,게임"
"아인","1~17권","사쿠라이 가몬, 미우라 츠이나","스릴러/추리/호러","F","12","판타지,SF"
"아일랜드 : 무법도","1~6권","모리 코우지","스릴러/추리/호러","F","9","호러,디스토피아"
"아일랜드 : 자살도","1~17권","모리 코우지","스릴러/추리/호러","F","9","호러,디스토피아"
"약사의 혼잣말","1~15권","네코쿠라게","스릴러/추리/호러","F","1","탐정,추리,게임"
"이토준지 공포박물관","1~10권","이토 준지","스릴러/추리/호러","F","9","호러,디스토피아"
"인간실격","1~3권","이토 준지","스릴러/추리/호러","F","9","호러,디스토피아"
"저속령","1~10권","오카즈 사키","스릴러/추리/호러","F","9","호러,디스토피아"
"지금 우리 학교는","1~5권","주동근","스릴러/추리/호러","F","9","호러,디스토피아"
"지옥","1~2권","연상호/최규석","스릴러/추리/호러","F","3","호러,디스토피아"
"치하야후루","1~50권","유키 스에츠구","스릴러/추리/호러","F","7","탐정,추리,게임"
"카케구루이","1~19권","아시하라 다이스케","스릴러/추리/호러","F","13","탐정,추리,게임"
"카케구루이 트윈","1~15권","아시하라 다이스케","스릴러/추리/호러","F","13","탐정,추리,게임"
"환괴지대","1~1권","이토 준지","스릴러/추리/호러","F","9","호러,디스토피아"
"환상인형괴담","1~5권","유조 타카다","스릴러/추리/호러","F","9","호러,디스토피아"
"후레자식","1~5권","김칸비","스릴러/추리/호러","F","4","호러,디스토피아"
"히카루가 죽은 여름","1~8권","모쿠모쿠 렌","스릴러/추리/호러","F","1","호러,디스토피아"
"겁쟁이 페달","1~92권","와타나베 와타루","드라마/스포츠/SF","G","6","스포츠"
"꽃보다도 꽃처럼","1~22권","나리타 미나코","드라마/스포츠/SF","G","10","일상,드라마"
"다이아몬드 에이스","1~47권","유지 테라지마","드라마/스포츠/SF","G","5","스포츠"
"다이아몬드 에이스 2 외전","단권/완비","","드라마/스포츠/SF","G","5","스포츠"
"다이아몬드 에이스 act2","1~34권","유지 테라지마","드라마/스포츠/SF","G","5","스포츠"
"던전밥","1~14권","쿠이 료코","드라마/스포츠/SF","G","12","요리,술"
"디어보이스  ACT1","1~23권","야가미 히로키","드라마/스포츠/SF","G","18","스포츠"
"디어보이스  ACT2","1~30권","야가미 히로키","드라마/스포츠/SF","G","18","스포츠"
"디어보이스  ACT3","1~21권","야가미 히로키","드라마/스포츠/SF","G","18","스포츠"
"라면 짱","1~17권","츠지야마 시게루","드라마/스포츠/SF","G","8","요리,술"
"리얼 (Real)","1~16권","이노우에 다케히코","드라마/스포츠/SF","G","5","스포츠"
"먹짱!","1~24권","츠치야마 시게루","드라마/스포츠/SF","G","8","요리,술"
"메달리스트","1~14권","츠루마 이카다","드라마/스포츠/SF","G","6","스포츠"
"메이저","1~78권","미코토 아소우","드라마/스포츠/SF","G","18","스포츠"
"메이저 2nd","1~30권","미코토 아소우","드라마/스포츠/SF","G","18","스포츠"
"모모의 의술사","1~3권","산바 나오모토/논 아사노","드라마/스포츠/SF","G","10","일상,드라마"
"미스터 요리왕","1~41권","스에다 유이치로","드라마/스포츠/SF","G","8","요리,술"
"미스터 초밥왕","1~27권","테라사와 다이스케","드라마/스포츠/SF","G","8","요리,술"
"미스터 초밥왕 전국대회편 (애장판)","1~8권","카츠시카 호쿠세이/우라사와 나오키","드라마/스포츠/SF","G","8","요리,술"
"미유키","1~5권","아다치 미쯔루","드라마/스포츠/SF","G","5","스포츠"
"믹스(Mix)","1~23권","아다치 미쯔루","드라마/스포츠/SF","G","5","스포츠"
"바라카몬","1~19권","요시노 사츠키","드라마/스포츠/SF","G","12","일상,드라마"
"바쿠만","1~20권","오바 츠구미","드라마/스포츠/SF","G","9","일상,드라마"
"바텐더","1~21권","조 아라키","드라마/스포츠/SF","G","8","요리,술"
"봇치 더 록","1~8권","아키 하마지","드라마/스포츠/SF","G","11","일상,드라마"
"북유럽 빵빠라빵 여행","1~1권","야마모토 아리","드라마/스포츠/SF","G","20","요리,술"
"블루 록","1~36권","카네시로 무네유키","드라마/스포츠/SF","G","13","스포츠"
"블루 록 나기","단권/완비","카네시로 무네유키","드라마/스포츠/SF","G","13","스포츠"
"블루 자이언트","1~10권","이시즈카 신이치","드라마/스포츠/SF","G","8","일상,드라마"
"블루 자이언트 슈프림","1~11권","이시즈카 신이치","드라마/스포츠/SF","G","20","일상,드라마"
"블루 자이언트 익스플로러","1~9권","이시즈카 신이치","드라마/스포츠/SF","G","20","일상,드라마"
"술꾼도시처녀들","1~3권","미깡","드라마/스포츠/SF","G","3","요리,술"
"스매시!","1~18권","사키 카오리","드라마/스포츠/SF","G","8","스포츠"
"슬램덩크","1~31권","이노우에 다케히코","드라마/스포츠/SF","G","5","스포츠"
"식객","1~27권","허영만","드라마/스포츠/SF","G","2","요리,술"
"식객2","1~3권","허영만","드라마/스포츠/SF","G","2","요리,술"
"식극의 소마","1~36권","츠쿠다 유우토","드라마/스포츠/SF","G","8","요리,술"
"신의 물방울","1~44권","기바야시 신","드라마/스포츠/SF","G","8","요리,술"
"신의 물방울 2부 마리아주","1~26권","기바야시 신","드라마/스포츠/SF","G","8","요리,술"
"신의 물방울 3부 되지엠","1~2권","기바야시 신","드라마/스포츠/SF","G","8","요리,술"
"신의 물방울 스핀오프 괴도 르 뱅","1~2권","기바야시 신","드라마/스포츠/SF","G","8","요리,술"
"심야식당","1~30권","아베 야로","드라마/스포츠/SF","G","8","요리,술"
"쌍갑포차","1~20권","배혜수","드라마/스포츠/SF","G","3","요리,술"
"아르테","1~20권","오쿠보 케이","드라마/스포츠/SF","G","12","일상,드라마"
"아사 이야기","1~9권","우라사와 나오키","드라마/스포츠/SF","G","18","일상,드라마"
"언성 신데렐라","1~12권","마마레 아라이","드라마/스포츠/SF","G","6","일상,드라마"
"오무라이스 잼잼","1~12권","조경규","드라마/스포츠/SF","G","2","요리,술"
"우주형제","1~45권","츄야 코야마","드라마/스포츠/SF","G","8","일상,드라마"
"일하지 않는 두 사람","1~11권","요시다 사토루","드라마/스포츠/SF","G","7","일상,드라마"
"정치9단","1~20권","히로카네 켄시","드라마/스포츠/SF","G","9","일상,드라마"
"조선왕조실톡","1~7권","무적핑크","드라마/스포츠/SF","G","18","역사"
"출동 119 구조대","1~20권","소다 마사히토","드라마/스포츠/SF","G","19","일상,드라마"
"카페타","1~32권","소다 마사히토","드라마/스포츠/SF","G","18","스포츠"
"커피 한잔 할까요?","1~8권","허영만","드라마/스포츠/SF","G","5","요리,술"
"크로스게임 소장판","1~9권","아다치 미쯔루","드라마/스포츠/SF","G","5","스포츠"
"클로저 이상용","1~11권","최훈","드라마/스포츠/SF","G","18","스포츠"
"터치","1~11권","아다치 미쯔루","드라마/스포츠/SF","G","5","스포츠"
"테니스의 왕자","1~42권","코노미 타케시","드라마/스포츠/SF","G","5","스포츠"
"테니스의 왕자 (신)","1~40권","고노미 타케시","드라마/스포츠/SF","G","6","스포츠"
"퍼펙트게임 시즌1","1~3권","장이","드라마/스포츠/SF","G","18","스포츠"
"퍼펙트게임 시즌2","1~5권","장이","드라마/스포츠/SF","G","18","스포츠"
"퍼펙트게임 시즌3","1~6권","장이","드라마/스포츠/SF","G","18","스포츠"
"하이큐","1~45권","후루다테 하루이치","드라마/스포츠/SF","G","13","스포츠"
"하이큐 스핀오프 (렛츠 하이큐)","1~8권","후루다테 하루이치","드라마/스포츠/SF","G","13","스포츠"
"H2","1~17권","아다치 미쯔루","드라마/스포츠/SF","G","5","스포츠"
"밤을 걷는 선비","1~20권","조주희","BL/GL","H","4","순정"
"뉴 52! 원더 우먼. 1: 피(DC COMICS)","1~1권","브라이언 아자렐로","코믹스/그래픽노블","J","20","마블DC"
"데드풀","1~4권","Gerry","코믹스/그래픽노블","J","20","마블DC"
"도서관의 주인","1~15권","우미하루 시노하라","코믹스/그래픽노블","J","18","코믹스"
"도서관의 주인","1~15권","우미하루 시노하라","코믹스/그래픽노블","J","18","코믹스"
"배트맨","1~6권","스콧 스나이더","코믹스/그래픽노블","J","20","마블DC"
"복원가의 집","1~24권","김상엽","코믹스/그래픽노블","J","18","코믹스"
"사가(Saga)","1~9권","브라이언 K","코믹스/그래픽노블","J","20","마블DC"
"사카모토 입니다만?","1~4권","사노 나미","코믹스/그래픽노블","J","12","코믹스"
"수어사이드 스쿼드","1~2권","아담 글래스","코믹스/그래픽노블","J","20","마블DC"
"슈퍼맨 배트맨: 공공의 적","1~1권","제프 로브","코믹스/그래픽노블","J","20","마블DC"
"시빌 워(시공 그래픽 노블)","1~1권","마크 밀러","코믹스/그래픽노블","J","20","마블DC"
"아메리칸 뱀파이어","1~5권","스콧 스나이더","코믹스/그래픽노블","J","20","마블DC"
"아이언 맨 : S.H.I.E.L.D. 국장","1~1권","대니얼 & 찰","코믹스/그래픽노블","J","20","마블DC"
"아이언 맨: 엑시큐트 프로그램","1~1권","대니얼 노프","코믹스/그래픽노블","J","20","마블DC"
"아이언 맨: 익스트리미스","1~1권","워런 엘리스","코믹스/그래픽노블","J","20","마블DC"
"아이언 맨: 헌티드","1~1권","대니얼 & 찰","코믹스/그래픽노블","J","20","마블DC"
"앤트맨","1~2권","BLU-RAY","코믹스/그래픽노블","J","20","마블DC"
"어메이징 스파이더맨","1~4권","댄 슬롯","코믹스/그래픽노블","J","20","마블DC"
"어벤저스 : 엔드게임 프렐류드","1~1권","읠 코로나 필그림","코믹스/그래픽노블","J","20","마블DC"
"어벤저스 디스어셈블드","1~1권","Brian M","코믹스/그래픽노블","J","20","마블DC"
"엑스맨 : 세컨드 커밍(Marvel)","1~1권","크레이그 카일","코믹스/그래픽노블","J","20","마블DC"
"엑스맨: 다크 피닉스 사가","1~1권","크리스 클레어","코믹스/그래픽노블","J","20","마블DC"
"엑스맨: 데들리 제네시스","1~1권","크리스 클레어","코믹스/그래픽노블","J","20","마블DC"
"엑스맨: 데이즈 오브 퓨쳐 패스트","1~1권","크리스 클레어","코믹스/그래픽노블","J","20","마블DC"
"엑스맨: 뮤턴트 제네시스","1~1권","크리스 클레어","코믹스/그래픽노블","J","20","마블DC"
"울고싶은 날의 보노보노","1~1권","이가라시 미키오","코믹스/그래픽노블","J","20","그래픽노블"
"위로받고 싶은 날의 보노보노","1~1권","이가라시 미키오","코믹스/그래픽노블","J","20","그래픽노블"
"저스티스 리그, 위대한 승리","1~9권","제프 존스","코믹스/그래픽노블","J","20","마블DC"
"제가 좀 별나긴 합니다만…","1~1권","쥘리 다셰 / 마드무아젤 카롤린","코믹스/그래픽노블","J","20","그래픽노블"
"추락","1~1권","마드무아젤 카롤린","코믹스/그래픽노블","J","20","그래픽노블"
"캡틴 아메리카: 윈터 솔저","1~1권","에드 브루베이커","코믹스/그래픽노블","J","20","마블DC"
"캡틴 아메리카: 적색의 공포","1~2권","에드 브루베이커","코믹스/그래픽노블","J","20","마블DC"
"커프스","1~32권","토조 진","코믹스/그래픽노블","J","7","코믹스"
"토르: 천둥의 시대(Marvel)","1~1권","Matt Fraction","코믹스/그래픽노블","J","20","마블DC"
"하우스 오브 엠(시공 그래픽 노블)","1~1권","BRIANMI","코믹스/그래픽노블","J","20","마블DC"
"할리 퀸","1~2권","롭 윌리엄스","코믹스/그래픽노블","J","20","마블DC"
"헐크: 월드 워 헐크(MARVEL)","1~1권","Greg Pak","코믹스/그래픽노블","J","20","마블DC"
"헐크: 플래닛 헐크(시공 그래픽 노블)","1~1권","Greg Pak","코믹스/그래픽노블","J","20","마블DC"
"SECRET WAR(시크릿 워)(시공 그래픽 노블)","1~1권","빅셔너리","코믹스/그래픽노블","J","20","마블DC"
"Wolverine Weapon X(울버린 웨폰 X)(Marvel)","1~1권","마블 코믹스","코믹스/그래픽노블","J","20","마블DC"
"Wolverine(울버린)(Marvel)","1~1권","마블 코믹스","코믹스/그래픽노블","J","20","마블DC"
"Wolverine(울버린)올드 맨 로건","1~1권","마블 코믹스","코믹스/그래픽노블","J","20","마블DC"
