"a_","a_1","a_2"
"여탕보고서 2 // 일쌍다반사 // 아색기가 5","27","웹툰"
"오늘도 형제는 평화롭다 2","27","웹툰"
"완벽한 허니문 2//용이 산다 2","27","웹툰"
"밥 먹고 갈래요? 6/ 보지 못하고 듣지 못하고 사랑해 6 // 부암동 복수자 소셜클럽 6","26","웹툰"
"유부녀의 탄생 시즌2 2","27","웹툰"
"은밀하게 위대하게 2/ 샌프란시스코 화랑관 6","27","웹툰"
"이말년 씨리즈 2/ 송곳 6","27","웹툰"
"죽음에 관하여 2// 청춘극장 2","28","웹툰"
"스피릿 핑거스 6 // 아이들의 권선생님 6","27","웹툰"
"치즈인더트랩 시즌1 6 / 치즈인더트랩 시즌2 9 / / 치즈인더트랩 시즌3 12 / 치즈인더트랩 시즌4 7","28","웹툰"
"타임 인 조선 2/ 통: 유아독존 6","28","웹툰"
"풀 뜯어 먹는 소리 2/ 퍼펙트게임 Season3  6","28","웹툰"
"혼자를 기르는 법 2 // 후레자식 5","28","웹툰"
"붉은 여우 7","26","웹툰"
"그녀의 심청  // 그대를 사랑합니다 3","28","웹툰"
"윈터우즈 7 //  이미테이션 7","27","웹툰"
"냄새를 보는 소녀 3 // 고양이와 할아버지 4","28","웹툰"
"다이어터 3// 롤랑롤랑 3","26","웹툰"
"조선왕조실톡 7 // 좋아하면 울리는 7","28","웹툰"
"먹는 존재 3//  데뷔 못하면 죽는 병 걸림 3","26","웹툰"
"인천상륙작전 // 술꾼도시처녀들 3","27","웹툰"
"화장 지워주는 남자 7 // 피노키오 7","28","웹툰"
"덴마 DENMA 8","26","웹툰"
"신과 함께: 신화편 3/ 신과 함께: 저승편 3","27","웹툰"
"뽀짜툰 8 / 롱리브더킹 시즌3 8 / 바른연애 길잡이 11","26","웹툰"
"연목구애 3/ 십이야 8","27","웹툰"
"안나라수마나라 3/ 연애혁명 33","27","웹툰"
"야채호빵의 봄방학 3/ 오렌지 마말레이드 8","27","웹툰"
"어쨌거나, 청춘 3/ 오무라이스 잼잼 13","27","웹툰"
"페이트 / 엑스트라 CCC 폭스테일 2/ 메이드 인 어비스 10","62","판타지"
"페이트 할로우 아타락시아 2/ 메르 15","62","판타지"
"페이트/그랜드 오더 코믹 아라카르트 2/ 심연의 카발리어 17","62","판타지"
"온리 센스 온라인 3/ 페이트 스테이 나이트 20","62","판타지"
"이 멋진 세계에 폭염을! 3/ 신만이 아는 세계 26 // 이세계 삼촌 13","62","판타지"
"이 세계가 게임이란 사실은 나만이 알고 있다 3","62","판타지"
"블랙패러독스","62","판타지"
"페이트 그랜드 오더 전격 코믹 앤솔로지 3/ 사술꾼 우츠호 3","62","판타지"
"페이트 스테이 나이트: 헤븐즈 필(Fate/stay night: Heaven's Feel) 3/  87 clockers 에이티세븐 클로커즈","62","판타지"
"블루 자이언트 슈프림 10/  IS 인피니트 스트라토스. 8","60","판타지"
"마탄의 왕과 바나디스 9/ 콜레트는 죽기로 했다 20","60","판타지"
"티르전기 11/ 위벨 블라트 21","60","판타지"
"마계등록 // 최강악역 최종보스 여왕은 국민을 위해 헌신합니다 2","60","판타지"
"제트맨 20/ 풀메탈패닉! 시그마","60","판타지"
"DEAR. 12 / 슈토헬","60","판타지"
"동군/ 블러디 먼데이 11 / 메이드 인 어비스 12","61","판타지"
"블러디먼데이 라스트시즌/ 신부 이야기 12","61","판타지"
"쌍망정은 부숴야 한다 2/ 늑대와 향신료 14","61","판타지"
"하루카 세븐틴 18 / 책벌레의 하극상 9","61","판타지"
"바카노 3/ 기공마술사 19 // 카구라바치 9","61","판타지"
"마법사의 신부 19/ 테라포마스 20","61","판타지"
"히스토리에 12/ 클레이모어 27 / 고블린 슬레이어 4","61","판타지"
"핵폭탄 내숭덩어리 3/ 프리징 14","62","판타지"
"혈계전선 Back2Back 3/ 용비불패 15","62","판타지"
"그린 블러드 5/ 빈란드 사가 19","62","판타지"
"지박소년 하나코 군 25","62","판타지"
"캇페이 6/ 흑신 19 // GACHIAKUTA (가치아쿠타) 16","62","판타지"
"무지개색 가면 7/ 바스타드-암흑의 파괴신 27","62","판타지"
"너의 췌장을 먹고 싶어 2//            내첫사랑을너에게바친다 12 //            나는 내일, 어제의 너와 만난다 2//","17","로맨스"
"조제, 호랑이 그리고 물고기들 2//            한낮의 유성 12","17","로맨스"
"초속 5센티미터 2//             너의 이름은 3//            괴물의 아이 4//            스즈메의 문단속 1 //            목소리의 형태 7","17","로맨스"
"너에게 닿기를 운명의 사람 3//             너에게 닿기를 30","17","로맨스"
"그 남자 그 여자 21 //            그남자 그여자 (특별판) 10","17","로맨스"
"그녀는 거짓말을 너무 사랑해 22  //         나나 21","17","로맨스"
"꽃보다 남자 20  //         꽃보다 맑음 13","17","로맨스"
"스킵 비트 50","17","로맨스"
"츠바키쵸 론리 플래닛 8","17","로맨스"
"금요일 2 //          올드보이 8","18","공포/호러"
"동화 배틀로열 2 //         지옥소녀 9  //         마나 4","18","공포/호러"
"레드나이트 이브 3 //          마나 4  //         독서클럽 3","18","공포/호러"
"살인자ㅇ난감 3 //         살육의 천사 11   //          신체 찾기 17","18","공포/호러"
"데스노트 13","18","공포/호러"
"친구게임 3 //         카사네 14","18","공포/호러"
"해피니스 3 //         배틀로얄 15","18","공포/호러"
"이토 준지 스페셜 호러 5 //        이토준지의 고양이일기 욘&무  //        이토 준지 걸작집 10 //         공포박물관 10 //         횐괴지대 //        에테르의 마을  //         센서 //         이토준지 연구 //         마의 파편 //        미미의 괴담 //        사각 //         인간 실격 3","18","인기도서"
"신이 말하는 대로 5 //        신이 말하는 대로 2부 21","18","공포/호러"
"가형의 앨리스  6 //         소용돌이","18","공포/호러"
"아일랜드 7 // 뼈가 썩을 때까지 2","18","공포/호러"
"에덴의 왕 5 //        백귀야행 31","19","스릴러"
"데블즈라인 12 //        세븐 시즈 35","19","스릴러"
"미래일기 12 //         미래일기 모자이크","19","스릴러"
"최유기 리로드 블래스트(Reload Blast) 3/ / 최유기 리로드 10 / 최유기외전 신장판 4/","52","소년만화"
"20세기 소년, 완전판. 11/ 20세기 소년. 22","52","소년만화"
"페어리 테일 S 2/ 보석의 나라 11","53","소년만화"
"마기 신드바드의 모험 19","53","소년만화"
"츠바사 28","53","소년만화"
"괴체진서 제로 6/ 마기 37","53","소년만화"
"렌지맨 6/ 페어리 테일 62","53","소년만화"
"서유기 플러스 어게인  10/","53","소년만화"
"그란네리에 2/ 헬싱 10","54","소년만화"
"진격의 거인 Lost Girls 2/ 진격! 거인 중학교 11 / 진격의 거인 -후회없는 선택 2","57","인기도서"
"루트 뱀파이어 3/ 노 건즈 라이프 12","54","소년만화"
"메테오드 4/ 서뱀프(Servamp) 13","54","소년만화"
"미이라 사육법 4/ 오메가 트라이브 14","54","소년만화"
"바니타스의 수기 4/ 도쿄 구울:re 16 / 도쿄 구울","54","소년만화"
"일리걸 레어 4/ 아르슬란 전기 16","54","소년만화"
"데미는 이야기하고 싶어 5/ 인펙션 16","54","소년만화"
"오버로드 5/ 아인 17 / 대다크 5","54","소년만화"
"마왕님 잠깐 그것 좀 6/ 진격의 거인 Before the fall 17","54","소년만화"
"소곤소곤 6/ 불쾌한 모노노케안 18","54","소년만화"
"기생수 리버시 8/ 기생수 8","54","소년만화"
"도로헤도로 23 / 브레이브 스토리 19","54","소년만화"
"뱀파이어 기사 9/ 종말의 세라프 31","54","소년만화"
"골든 카무이 29 // 진격의 거인 34","54","소년만화"
"로자리오와 뱀파이어 10/ 로자리오와 뱀파이어 시즌2 10","54","소년만화"
"블러디+메리 10/ 파괴수","54","소년만화"
"1학년 A반의 몬스터. 6","54","소년만화"
"비비는 짱 2/ 식령 12","55","소년만화"
"잔혹한 신이 지배한다  3/ 토키와 왔도다 12","55","소년만화"
"사랑하는 고슴도치 2//        우리에게는 벽이 있다 7","24","일본순정"
"알레르기 소년 2//       피카 이치 7","24","일본순정"
"온천에서 만나요 2//        나만의 기사님 8","24","일본순정"
"웰컴투 문하우스 2//        러브 몽키 8","24","일본순정"
"카페 러브 2//        마사무네의 리벤지 8","24","일본순정"
"고백클럽  3//        사랑과 군함 8","24","일본순정"
"그랜드 선 3//        히바리 1번가의 사정 8","24","일본순정"
"로맨틱 비밀클럽 3//        도쿄 후회망상 아가씨 9","24","일본순정"
"뻐꾸기 커플 3//        우이러브 9","24","일본순정"
"여기부턴 NG 3//        울트라 큐티 9","24","일본순정"
"청춘소녀대장 3//        허니 9","24","일본순정"
"모형정원의 엔젤 4//       미열소녀 10","24","일본순정"
"물방울 허니보이 4//       우리는 언제나  10","24","일본순정"
"킹카 연애론 4//        아이즈 12","24","일본순정"
"병아리 왈츠 5//        핫 기믹 12","24","일본순정"
"비가 와도 맑아도 5//       악마와 러브송 13","24","일본순정"
"총리딸은 괴로워 5//       우리는 알게 되었다 14","24","일본순정"
"학원연애사!  5//        파이브 15","24","일본순정"
"늑대소녀와 흑왕자 16//       록킨 헤븐","24","일본순정"
"우리들이 있었다 16//        양달의 병아리","24","일본순정"
"가족놀이//        인어왕자","24","일본순정"
"너는 비탈길 중간에//        핑크 이노센트","24","일본순정"
"1/2 허니문//        BODY (바디). 10//        E계 하이브리드 걸 2","24","일본순정"
"S.A 스페셜 에이. 17","24","일본순정"
"가슴이 떨리는 건 너 때문 2//       지그 재그 9","25","일본순정"
"랄랄라 러브송 2//        아가씨를 부탁해! 10","25","일본순정"
"나와 너의 소중한 이야기 3//       왕자에게는 독이 있다 10","25","일본순정"
"하루 하나 3//       하트 10","25","일본순정"
"허니 플라워 3//        별은 노래한다 11","25","일본순정"
"마음이 외치고 싶어해 4//        악마로소이다 11","25","일본순정"
"사자와 신부 3/ 일 플러스 일 10 // 세이 러브 11","56","성인"
"에이스 퀸 12","45","성인"
"오빠와 나 11// 나쁜 상사 4 // 부디 내게 닿지 않기를","56","성인"
"이것은 사랑이야기 11 // 나이츠 // 텐카운트 6","56","성인"
"짐승인걸 어떡해 3 // / 파스텔 44","45","성인"
"러브 몬스터 12 // 포시즌 3// 이노센트 3","56","성인"
"키스보다도 빨리 12","45","성인"
"폭탄 호스트 3/ 행복한 백수 12 // 그래도 다정한 사랑을 한다","56","성인"
"극락동맹 4// 아가씨와 충견군","56","성인"
"나쁜 상사 4/ 브론즈 14// 비실비실 선생님 12","56","성인"
"라라라 4/ 믹스(Mix) 15","56","성인"
"못난 부녀지간입니다만 4","56","성인"
"여제 게이샤 4/ 선생님 20","56","성인"
"유라기장의 유우나 씨 4/ 결혼적령기","56","성인"
"넌 킹카 난? // 체리주스 4/","56","성인"
"마멀레이드 보이 8 // / 마이 퓨어 레이디 8 // 나의 다정한 형 2","45","성인"
"커피&바닐라 4/ 마이 달링 라이온","56","성인"
"미성년이지만 어린애는 아냐 5","56","성인"
"시원찮은 그녀를 위한 육성방법 사랑에 빠진 메트로놈 5/ 문러버","56","성인"
"에로망가 선생 5","56","성인"
"오빠지만 사랑만 있으면 상관없잖아? 5/ 워터하이스쿨","56","성인"
"걸리즘 6/ 치사뽕","56","성인"
"마녀는 두 번 신음한다 6/ 황혼 유성군","56","성인"
"변녀 6 // 결혼 장사 5","56","성인"
"오렌지 플래닛 5 : ORANGE PLANET // P와 여고생. 16 // 5시부터 9시까지. 13","56","성인"
"HAPPY MAKE UP 14 // / 서클게임 22","45","성인"
"현자의 손자/ 이 멋진 세계에 축복을! 17 // 리얼 어카운트 2","62","판타지"
"흔해빠진 직업으로 세계최강 12/ 제로에서 시작하는 마법의 서 5","62","판타지"
"던전에서 만남을 추구하면 안 되는 걸까 10 // 던전에서 만남을 추구하면 안 되는 걸까 II 5","62","판타지"
"주문배달의 왕자님 7//        식극의 소마 36","21","요리"
"다가시카시 8//        미스보스","21","요리"
"심심한 칠드런 8//        위드!!","21","요리"
"미녀를 누가 말려 7 //너는 펫 14","22","로맨스코미디"
"그녀는 아직 사랑을 모른다. 2//        별이 내리는 마을 7","22","로맨스코미디"
"허쉬(Hush) 7 // 이런 상사 때문에 곤란하다면 4/","22","로맨스코미디"
"쇼트 케이크 케이크 2//        솔직하게 키스 8","22","로맨스코미디"
"잘생겼으니 용서한다 2//       허니(honey) 8","22","로맨스코미디"
"절벽의 꽃이라면 떨어져라 2//       오늘의 키라군 9","22","로맨스코미디"
"그의 온도 3//       가짜커플 10","22","로맨스코미디"
"내사랑 왕재수 3//       그에게까지 러브 KM 10","22","로맨스코미디"
"천사에게 물어봐 3//        어릴 때부터 좋아했는데 11","22","로맨스코미디"
"친구친구 3 // 키스 허그 2 / MARS","22","로맨스코미디"
"쿠즈미군, 분위기 파악하나요? 3//        벚꽃의 홍차왕자 13","22","로맨스코미디"
"피치걸R 3//        옆자리 괴물군 13","22","로맨스코미디"
"나는 친구가 적다 14 // 뜬금없지만 내일 결혼합니다 9","22","로맨스코미디"
"매지컬 파티셰 코사키 4//       건방진 그 녀석 21","22","로맨스코미디"
"러브하우스 24 // 호타루의 빛 15","22","로맨스코미디"
"하츠 하루 5//       니세코이 25","22","로맨스코미디"
"나의 오리온 6//        홍차왕자 25","22","로맨스코미디"
"별하늘의 까마귀 6//        카구야 님은 고백 받고 싶어 28","22","로맨스코미디"
"사랑하고 사랑받고, 차고 차이고 6//        뇌쇄 rock소년","22","로맨스코미디"
"언젠가 티파니에서 아침을 6//        비너스 기상곡 //        M구역의 주민. 4","22","로맨스코미디"
"사과와 벌꿀 22","22","로맨스코미디"
"4월은 너의 거짓말. 11 // 귀엽기만 한게 아닌 시키모리양 20","22","로맨스코미디"
"세계의 가장자리와 살구잼 6","23","일본순정"
"넌 내꺼 2","23","일본순정"
"스마일로 가자  2//       딸기채널 7","23","일본순정"
"애니멀채널 2","23","일본순정"
"에스 플러스 2//       클로버 트레플 7","23","일본순정"
"연애파파라치 2","23","일본순정"
"봄을 기다리는 우리들 9","23","일본순정"
"나는야 밤비걸 3//        러브 팬텀 10","23","일본순정"
"스즈에 미우치 단편 3//        슈가 솔저 10","23","일본순정"
"식신남 3//        허니와 클로버 10","23","일본순정"
"거짓말쟁이 보이프렌드 4//       결벽남자! 아오야마군 11","23","일본순정"
"너는 귀여운 여자아이 4//        내가 인기 있어서 어쩌자는 거야 11","23","일본순정"
"사랑으로 모여라 4//        연애니 사랑이니 11","23","일본순정"
"오하기가 최고야 4//        에덴의 꽃 12","23","일본순정"
"타나카 군은 항상 나른해 12","23","일본순정"
"퍼펙트 월드 12","23","일본순정"
"러브 스파크 5//        천생연분 17","23","일본순정"
"러비 더비 5//        피치 걸 18","23","일본순정"
"쿠로사키 말 따위 안 들을 거야 19","23","일본순정"
"미사일 해피 5//        클로버 24","23","일본순정"
"카게노도 청춘이고 싶다 5//        고교데뷔","23","일본순정"
"너에게 꽃다발을","23","일본순정"
"수호천사와 LOVE LOVE","23","일본순정"
"귀여운 사람 6//        치카치카붐","23","일본순정"
"행복카페 3번가//       4월의 너, 스피카.10","23","일본순정"
"MISS 2","23","일본순정"
"너무 멋져도 피곤해 2//        오전 0시, 키스하러 와줘 6","24","일본순정"
"미드나잇 KISS 2//        그와 난 친구사이 7","24","일본순정"
"가디언즈 오브 더 갤럭시 얼티밋 가이드/   스타워즈: 라스트 제다이 오피셜 가이드 / 토르: 천둥의 시대/ 앤트맨 천적","2","그래픽노블"
"그들의 등 뒤에서는 좋은 향기가 난다","2","그래픽노블"
"뉴 어벤저스. 1: 모든 것은 죽는다/   시빌 워/       SECRET WAR(시크릿 워)    /   스파이더맨/   데드풀 Vol. 1: 브로맨틱하지 않나요?","2","그래픽노블"
"나는 나로 살기로 했다/   실어증입니다, 일하기싫어증 /    정신병동에도 아침이 와요","2","그래픽노블"
"담요/ 아인슈타인","2","그래픽노블"
"반 고흐/ 어른이 되기는 글렀어","2","그래픽노블"
"배트맨: 노엘// 배트맨: 타임 앤드 배트맨// 엑스맨: 다크 피닉스 사가 // 슈퍼맨 / 배트맨/","2","그래픽노블"
"어차피 내 마음입니다 / 엄마들","2","그래픽노블"
"브이 포 벤데타/ 엄마, 오늘도 사랑해","2","그래픽노블"
"블랙 팬서: 블랙 팬서는 누구인가?/ 오, 마이 캐릭터","2","그래픽노블"
"보노보노처럼 살다니 다행이야/ 위로의 그림책","2","그래픽노블"
"슈퍼맨 / 배트맨/ 자꾸 생각나","2","그래픽노블"
"제가 좀 별나긴 합니다만","2","그래픽노블"
"파리 여자도 똑같아요","2","그래픽노블"
"할리 퀸 Vol. 1: 도시의 불꽃 유망주/ 할리 퀸 Vol. 2: 나가 버린 파워","2","그래픽노블"
"캡틴 아메리카: 윈터 솔저/ 캡틴 아메리카: 적색의 공포 Vol. 2","2","그래픽노블"
"원조 괴짜가족 28//            우당탕탕 괴짜가족 31//            언제나! 원조 괴짜가족 23","30","학원"
"모래시계 10//            차나왕 요시츠네 겐페이전쟁 29","22","로맨스코미디"
"러브 콤플렉스","30","학원"
"나의 히어로 아카데미아 스매시!! 5//            나의 히어로 아카데미아 45","53","소년만화"
"지옥락 13","49","소년만화"
"도원암귀 20","53","소년만화"
"마슐 17 //            장송의 프리렌 15","58","인기도서"
"도쿄대 리벤저스//            도쿄 리벤저스 31//              도쿄 리벤저스 ~바지 케이스케로부터의 편지6","48","소년만화"
"승부는 순간의... 운이잖아? 2//             크게 휘두르며 35","4","스포츠"
"쿵후보이 친미 외전  2//             란마 1/2 38","4","스포츠"
"날려 3//              소라의 날개 48","4","스포츠"
"마린블루의 바람에 안겨 3//            에어리어의 기사 57","4","스포츠"
"무용전 3 //             오프사이드","4","스포츠"
"겁쟁이 페달 SPARE BIKE 6//            겁쟁이 페달  79","4","스포츠"
"탁고 6//            쿵후보이 치미 legends","4","스포츠"
"신 쿵후보이 친미 20//            엔젤 보이스 33","4","스포츠"
"다이아몬드 에이스 ACT2 31//            H2 오리지널. 34","4","스포츠"
"GO AND GO 30","4","스포츠"
"새로운 질풍 6//             고스트 바둑왕 23","5","스포츠"
"군청에 사이렌 10//            복서 23","5","스포츠"
"와일드 리거 10//            루키즈 24","5","스포츠"
"수라의 문 제2문 12//             환타지스타 25","5","스포츠"
"리얼 14//            숏 바운드 33 // 더 파이팅 125","5","스포츠"
"탁구 대시 15//             베이비 스텝 45","5","스포츠"
"히카루의 바둑 20//            사막의 야구부","5","스포츠"
"임금님 게임 2//            신 거인의 별 하나가타 22","6","스포츠"
"마츠리스페셜 4//             카페타 32","6","스포츠"
"신 테니스의 왕자 37//            테니스의 왕자 42","6","스포츠"
"블리자드 악셀 6//            그랑블루 5","6","스포츠"
"인사하고, 키스 7//             꼭두각시 서커스 43","6","스포츠"
"최강 야구부 리벤저스 8//            드림 71","6","스포츠"
"남학교의 미도리양 10","6","스포츠"
"더 화이팅 125 //            메이저 78 //             메이저 세컨드 20","6","스포츠"
"크로스게임 9//             데카슬론 23","7","스포츠"
"한판 14//            디어 보이스 ACT2 30","7","스포츠"
"그라제니 17//            쿠로코의 농구 30","7","스포츠"
"스매시 18//            에어기어 37","7","스포츠"
"디어보이즈 ACT3 21//             공수도 소공자 코히나타 미노루 50","7","스포츠"
"슬픈연가 5/ 미운오리 백조되기 13","43","국내순정"
"인형가 5/ 사랑애 15","43","국내순정"
"둘시네아를 위하여 6/ 키스로 길들여지다 15","43","국내순정"
"샤베트 6/ 문제아 건드리고 살아남기 16","43","국내순정"
"키스로 길들여지다 6/ 그대의 연인","43","국내순정"
"히싱 6","43","국내순정"
"러브바이러스 7","43","국내순정"
"나는 사슴이다 2 8 / FUNNY MONEY 리치걸 5  // ROLLING 6","43","국내순정"
"메르오메가 4/ 일평 18","43","국내순정"
"늑대주의보 7/ 어둠의 이지스 26","43","국내순정"
"디 그레이맨 28","60","판타지"
"약속의 네버랜드 20 // 카케구루이 14","46","소년만화"
"귀멸의 칼날 23/ 귀멸의 칼날 외전 / 귀멸 학원! 3 / 귀멸의 칼날 행복의 꽃 / 귀멸의 칼날 한쪽 날개의 나비/ 귀멸의 칼날 귀살대 견문록","57","인기도서"
"디스트로이 x레볼루션 4/ 세상이 가르쳐 준 비밀 16/갱스타 7","47","소년만화"
"블루 록 31 // 블루록 episode 나기 5","59","인기도서"
"괴수 8호 16 / 괴수8호 B 1 / 괴수8호 relax 3","59","인기도서"
"야쿠자의 덕질 12/ 강호패도기 37/ 위치 헌터 21 / 팬텀 버스터즈 6","47","소년만화"
"그녀는 안경 HOLIC 3/ 월요일 소년 9","48","소년만화"
"요정표본 3/ 미녀와야수 2부 10","48","소년만화"
"이름없는 꽃 3/ 어둠의 고동 12","48","소년만화"
"고스트! 4/ 일본침몰 15","48","소년만화"
"부서지기 시작한 천사들 5/ 나우 25","48","소년만화"
"키마이라 6/ 사이키 쿠스오의 재난 26","48","소년만화"
"고래의 아이들은 모래 위에서 노래한다. 7","48","소년만화"
"천신전설 유나 2/ 한때는 신이었던 짐승들에게 9","49","소년만화"
"우주를 누비는 쏙독새 3/ 내일의 요이치 15","49","소년만화"
"투수사 베스티아리우스 3/ 이트맨 18","49","소년만화"
"0.5인분의 연인 2 / 반에서 두 번째로 귀여운 여자애와 친구가 되었다 3 // 보이시한 여자친구가 너무 귀여워 4","33","신간도서"
"망각 배터리 16 //  야무진 고양이는 오늘도 우울 11 // 양선배는 혼자서 살아갈 수 없어 1","32","신간도서"
"마법소녀를 동경해서 3 // H(에이치) 6","56","성인"
"묘쌤은 이렇게 말했다 5","56","성인"
"히나마츠리 19/생존게임 10/ 생존게임 another story","33","신간도서"
"물 위의 우리 7","27","웹툰"
"불가항력의 I LOVE YOU 8 //","33","신간도서"
"아름다운 초저녁달 8 // 야마다 군과 LV 999의 사랑을 하다 7","32","신간도서"
"나와 로보코 18// 푸른 상자 16//극주부도 14","32","신간도서"
"철야의 노래 20","65","판타지"
"SOLO LEVELING 11 // I'm Sakamoto, you know. // YOUR NAME 2 (너의 이름은 )","3","외국서적"
"HELLBOY 5 // Pluto 3","3","외국서적"
"피의 흔적 17 // 악의 꽃 11 // 무능한 나나 12 // 종말의 발키리 19 // 재혼황후 10","31","신간도서"
"섀도하우스 16 // 죽을 때는 눈부시게 5 // 부부 이상 연인 미만 11","31","신간도서"
"케이온! 4 // 케이온! shuffle 3 // 타코피의 원죄 하","32","신간도서"
"향기로운 꽃은 늠름하게 핀다 21 //  쿠로이와 메디카에게 내 귀여움이 통하지 않아 16","33","신간도서"
"봇치 더 록 ! 6 // 봇치 더 록 ! 엔솔러지 코믹 4// 봇치 더 록! 히로이 키쿠리의 과음일기 4","16","예술"
"라이 라이 라이 4 // 가라오케 가자! / 찍히지 않습니다 5","33","신간도서"
"한밤중 하트튠 9 // 루리드래곤 5 // 야마다의 학급일지 3 // 너와 장밋빛 매일 2","32","신간도서"
"방공호 10","46","소년만화"
"Garfield // Lunch Lady 10 //   Kung pow chicken 5 // Pokemon","3","외국서적"
"Ricky ricotta's mighty robot vs the voodoo vultures from venus // Teen tians go! heroes on patrol! // Atomic betty supreme overlord penelope // Cardcaptors","3","외국서적"
"The baby sisters club the truth about stacey // Roller girl // Creepy creatures // Spartacus","3","외국서적"
"Starwars // Ranma1/2 //  The black pearl  // War horse","3","외국서적"
"The black stallion returns// The black stallion and flame // The golden compass // Ghost woman lawrence thornton","3","외국서적"
"Pippi longstocking // magical story // Peterpen // The year of biily miller","3","외국서적"
"Harry Potter // Trans Formers // Smile // Ghosts","3","외국서적"
"Sisters // Drama // The baby sitters club // Mavel studios character encyclopedia","3","외국서적"
"World of reading // Marvel heros super origins // Spiderman into the spiderverse","3","외국서적"
"Falcon // Avengers // Captain america // Spider-Man","3","외국서적"
"Guardians of the galaxy // Ant-man // Black panther // Star-lord","3","외국서적"
"iaonman // Doctor strange // Hulk // Thor","3","외국서적"
"Waterlogged // Dog's camping Adventure // Boppin' with the bug band // PI-PI-Plane","3","외국서적"
"Castles in the Sea // The race to Mystery Island // Sung as a Bug // Princess Sheep","3","외국서적"
"Pies,Pies,Pies! //    Sheep's Halloween Costume // Playing Spies // Rebots to the Rescue!","3","외국서적"
"Rocket to the Moon // Happy Birthday,Dog! // Get your Coat // The Rainbow Birthday Cake","3","외국서적"
"3월의 벽력 1 / 포켓몬 생태도감 // 오가미 츠미키와 기일상 7","31","신간도서"
"아메리카노 엑소더스 11","36","일본순정"
"원펀맨(One Punch Man) 35","47","소년만화"
"황천의 츠가이","62","판타지"
"킬블루 10","32","신간도서"
"Demon Slayer 23 // Demon Slayer Kimetsu Academy 2","1","외국서적"
"전생했더니 슬라임이었던 건에 대하여 ~마물의 나라를 즐기는 방법 8 // 전생했더니 슬라임이었던 건에 대하여 28 //","60","판타지"
"빙과 11 //            Q.E.D.(큐이디): 증명종료 50","10","추리"
"심령탐정 야쿠모 14","10","추리"
"가가 탐정사무소 15//             탐정학원 Q 프리미엄","10","추리"
"몬스터 CHAPTER 18","10","추리"
"C.M.B.박물관 사건목록. 41","10","추리"
"그래비테이션 12","31","판타지"
"레일로드 3//   보육원에 가자 4//            비밀 12","11","해외순정"
"시네마 제국 4//             전당포 시노부의 보석상자 12","11","로맨스"
"신데렐라 컬렉션 4//            재봉사의 공방 13","11","로맨스"
"닥터 노구찌 5//            내 이름은 해사 15","11","드라마"
"칸나와 견습생 5//            도서관의 주인 15","11","드라마"
"도망변호사 나리타 마코토 6//            드라이브 15","11","드라마"
"비밀 시즌 제로 6//            복원가의 집 17","11","드라마"
"채널고정 6//            바라카몬 19","11","드라마"
"교도관 나오키  7//             최상의 명의: 더 킹 오브 니트 19","11","의료"
"총좌의 우르나 7 // 오프 요아케 이타루의 색이 없는 나날 2","11","드라마"
"한다군 7//             바텐더 21","11","드라마"
"사무라이 형사 8//             슈퍼닥터 K 22","11","의료"
"현재관료계 모후 8//            지팡구 23","11","드라마"
"보건실의 사신 10//            미궁시리즈 34","11","의료"
"소년 메이드 10//             불꽃 소방대 34 //            헤이세이 폴리스맨.14","11","드라마"
"중쇄를 찍자! 10//             우주형제 35","11","의료"
"최상의 명의 11//             닥터k 44","11","의료"
"Dr. 코토 진료소 특별편: 섬의 아이들 //             Dr.코토 진료소. 25","11","의료"
"히비키 소설가가 되는 방법//            은수저 14","12","드라마"
"경찰서장 3//            경찰서장 2부 12","12","드라마"
"백 스트리트 걸스 3//            감사역 노자키 16","12","코미디"
"사원시마 주임편 3//            시마과장 17//             시마계장 4//            시마회장 7//            시마부장 13","12","드라마"
"논스톱 너스 아오이 18","12","드라마"
"지구에서 영업중 9/ 난 꽃미남이 좋아","39","국내순정"
"공주님을 찾습니다 10/ 어신후보생","39","국내순정"
"여우가 늑대 되는 순간 10/ 이미테이션 러브","39","국내순정"
"죽을래 좋아할래 10/ 퍼니퍼니 펀 / K2 5 / K2. 14","39","국내순정"
"미스터 웨인의 1904 경성기담 / 타락천사","39","국내순정"
"허니 머스타드 4/ 잘나가는 그놈들에겐 뭔가 특별한것이 있다 11","40","국내순정"
"사랑과 정열에게 맹세 5/ 홍가네 11","40","국내순정"
"설탕중독 5/ 에뷔오네 12","40","국내순정"
"치로 12","40","국내순정"
"야야 6/ 러버보이 13","40","국내순정"
"사랑이야 7/ 신목연아의 신혼일기 13","40","국내순정"
"소녀왕 8/ 인연  13","40","국내순정"
"너에게 간다 9/ 모과를 기억하세요? 15","40","국내순정"
"작은 아씨들  9/ 단 하나뿐인 걸 16","40","국내순정"
"녹턴 10","40","국내순정"
"상속 받은 그녀 10/ 원수를 사랑하라 18","40","국내순정"
"키스는 배운대로 10/ 볼래?!","40","국내순정"
"시화몽 11/ 캐쉬걸 플러스 / M의 천국  //18세 우리 결혼했어요 10","40","국내순정"
"Paris와 결혼하기 //      Wa! 와! / 정체불명 새색시","40","국내순정"
"개나리 꽃이 피거든 3/ 출동 수호천사 6","41","국내순정"
"와! 3/ 체리 쥬빌레 7","41","국내순정"
"전설의 강도영 3/ 내 ID는 성형미인 2 8","41","국내순정"
"난 나야 4/ 클릭 8","41","국내순정"
"디어 다이어리 4/ 니가 세상의 전부다 9","41","국내순정"
"루비돌 4/ 주희주리 9","41","국내순정"
"소녀화첩 4/ 보통학교 10","41","국내순정"
"연애 다이어리 4/ 비터 스위트 러브 10","41","국내순정"
"용기의 별 4/ 챗 10","41","국내순정"
"지구생활백서 4/ 트러블G 11","41","국내순정"
"공주님과 건달님 5/ 사랑의 총알 12","41","국내순정"
"나는 사슴이다 3 5/ 스노우 드롭 12","41","국내순정"
"러브미 5/ 내 남친은 뱀파이어 14","41","국내순정"
"마이걸 5/ 플라티나 14","41","국내순정"
"사랑보다 아름다운 유혹  5/ 내 ID는 성형미인 15","41","국내순정"
"시바토라 15","41","국내순정"
"안녕 PI 5/ 물좋은 하숙집 17","41","국내순정"
"퀸즈 5","41","국내순정"
"크림 5/ 스위치 1/2","41","국내순정"
"목난아의 신혼일기 6/ 체크","41","국내순정"
"비비 6/ 커플공식","41","국내순정"
"선녀 파이팅 6/ 파랑새를 만난 적이 있나요!!","41","국내순정"
"소년 X 파일 6/  HOME 보이 / DIY GIRL. 5(완결) / END 7","41","국내순정"
"MASCA 12","41","국내순정"
"아이돌클럽 12","42","국내순정"
"누님 VS 형님. 15","42","국내순정"
"란제리 6/ 비타민 16","42","국내순정"
"파라오의 연인 16","42","국내순정"
"오해하지마  7/ 여왕의 기사 17","42","국내순정"
"허쉬  7/ 나는 너를 바람이라 부른다","42","국내순정"
"왕의 바다","42","국내순정"
"아르카나 11/ 쿨식스","42","국내순정"
"애인퍼즐 11/ 하니 와!와! / I WISH 7","42","국내순정"
"PAPILLON 꽃과 나비. 8","42","국내순정"
"오렌지 버블껌 4/ 왕따의 프로포즈 10","43","국내순정"
"피터 판다 4","43","국내순정"
"조강지처 길들이기 12","43","국내순정"
"드림슈터 26","8","스포츠"
"어택 11//             사무라이 솔저 27","8","스포츠"
"총알처럼 고고 11//            아이실드21  37","8","스포츠"
"골프천재 탄도 Xi 15//            이니셜 D 48","8","스포츠"
"오버 드라이브 17//            사상 최강의 제자 켄이치 61","8","스포츠"
"홀리랜드 18//             고고한 사람","8","스포츠"
"홍색 히어로 20//             노노노노","8","스포츠"
"해피 23//            슈팅 KOREA // 메달리스트 13","8","스포츠"
"하늘의 플라타너스","8","스포츠"
"터프 외전: 아버지 2//            바키31","9","격투"
"마스라왕 7//            비바 블루스 32","9","격투"
"카츠 16//            터프 39","9","격투"
"리쿠도 18//            격투맨 바키 42","9","격투"
"권법소년 21//            고교철권전 터프 42","9","격투"
"한마바키","9","격투"
"게임X러시 2//            다중인격탐정 사이코 19","10","추리"
"원한해결사무소 20","10","추리"
"명탐정 코난 제로의 일상 4//            명탐정 코난 제로의 집행인 2","10","추리"
"소년탐정 김전일 Season2 31//             소년탐정 김전일 26 //            소년탐정 김전일 단편집 4","10","추리"
"명탐정 코난 107 // 명탐정 코난 (특별판) 43//             명탐정 코난 범인 한자와 씨 5//            명탐정 코난 경찰학교 셀렉션//            명탐정 코난 시크릿 아카이브 괴도 키드 //            명탐정 코난 FBI 셀렉션","10","추리"
"명탐정 코난 절체절명 셀렉션//             명탐정 코난 하이바라//            명탐정 코난 헤이지 & 카즈하 셀렉션//             명탐정코난 vs 검은조직의 남자들//             명탐정코난 탐정연구소 입문백과 + 괴도키드 세트//             명탐정 코난vs괴도키드","10","추리"
"호스트 탐정사무소에 어서오세요 5//             마술사","10","추리"
"거짓말풀이 수사학  6","10","추리"
"민속탐정 야쿠모 9","10","추리"
"명탐정 키요시로 사건노트 10//            블랙 아웃 4","10","추리"
"약사의 혼잣말 16 / 반딧불이의 혼례 11  // 극락가 5 // 주술회전 30","59","인기도서"
"김전일 37세의 사건부 11","10","추리"
"물에 빠진 나이프 17","36","일본순정"
"오빠 친구 5/ 건방진 천사 20","36","일본순정"
"오늘부터 신령님 25","36","일본순정"
"단다단 20","58","인기도서"
"나쁜 교육 2/ 예쁜 남자 17","37","일본순정"
"동인백서 5/ 밤을 걷는 선비 19","37","일본순정"
"꽃이 지더라도 7/ 하백의 신부 24","37","일본순정"
"궁 28","37","일본순정"
"야! 너!  7","37","일본순정"
"심청 9/ 남편의 조건","37","일본순정"
"이왕이면 다홍 9/ 라이언의 왕녀","37","일본순정"
"머물던 사랑","37","일본순정"
"아르미안의 네 딸들 10","37","일본순정"
"눈부시도록 13/ 오디션","37","일본순정"
"춘앵전 14/ 탐나는도다","37","일본순정"
"펠루아 이야기 15/ 하이힐을 신은소녀","37","일본순정"
"너의 시선 끝에 내가있다 16/  very! very! 다이스키 8","37","일본순정"
"DVD 8","37","일본순정"
"키스 키스 키스 2/ 금지된 키스 10","38","국내순정"
"별바라기 3/ 나만의 공주님 10 / BIBI 아이리스. 3","38","국내순정"
"사의 찬미  3/ 러브장 10","38","국내순정"
"판타미르 3/ 사랑해요 뱀파이어 10","38","국내순정"
"학교 방위 365일 3/ 천일야화 11","38","국내순정"
"해바라기의 숲 3/ 아이돌 쇼핑 12  //U F O. 7 //100일 사랑 13","38","국내순정"
"그린빌에서 만나요 4/ 절대마녀 12","38","국내순정"
"발칙한 녀석들 4/ 네버 크라이 (Never Cry) 13","38","국내순정"
"세자빈 프로젝트 4/ 나의 사랑스런 주인님 14","38","국내순정"
"에이스 4/ 장난스런 Kiss 애장판 14","38","국내순정"
"파랑새 훔치기 4/ 난 엄마 넌 아빠 18","38","국내순정"
"해피 & 머피  4/ 씨엘(CIEL) 23","38","국내순정"
"다다 5/ 실버 다이아몬드 27 / 압도적인 그들 5","38","국내순정"
"레디-go!  5/ 고양이 목에 방울 달기","38","국내순정"
"호러컬렉터 5/ 그녀석 스타 만들기","38","국내순정"
"신데렐라맨 6/ 그러니까 좋아","38","국내순정"
"세이 세이 세이 7/ 내사랑 봉자","38","국내순정"
"쉿! 7/ 보헤미안 랩소디","38","국내순정"
"파인키스 7/ 붉은딸기 흰딸기","38","국내순정"
"펭귄혁명 7/ 사랑이 싹트다","38","국내순정"
"개똥이 8/ 에덴의 남쪽 / COMIC 9","38","국내순정"
"그녀를 믿지마세요 8/ 열혈여아","38","국내순정"
"도그보이 8/ 와일드 와일드 스쿨","38","국내순정"
"샌드위치 걸 8/ 커피시간","38","국내순정"
"펌프펌프 8/ 피쉬 닷 컴","38","국내순정"
"신인류의 사랑 9/ 화","38","국내순정"
"파란만장 다이어리 9/  Idol School of 귀족연애사 15 / H2O 7 / ONE 11","38","국내순정"
"SM 헌터 10 : SPAM MAIL HUNTER","38","국내순정"
"OUT(아웃)","38","국내순정"
"두 사람이다 3/ 사랑에 미쳐라 11","39","국내순정"
"변태 미소녀 전사 정의봉맨 3/ 얼짱 11","39","국내순정"
"한눈에 반하다 4/ 도깨비 왕국으로 간다 12","39","국내순정"
"파란만장 연애사 12","39","국내순정"
"그들도 사랑을 한다 6/ 학원제국 12","39","국내순정"
"마이 스위트 홈 6/ 건달 히어로 13","39","국내순정"
"설 6/ 내 인생의 태클 14","39","국내순정"
"풀 하우스 16","39","국내순정"
"디어 왈츠 Dear Waltz 9/ 신데렐라가 될거야 20","39","국내순정"
"언밸런스 X2  9/ 가면속의 사랑 32","39","국내순정"
"마이네리베 4//        내 이야기 13","25","일본순정"
"메리의 양 5//        아오하라이드 13","25","일본순정"
"미녀는 야수 5//       연영천사 15","25","일본순정"
"오토 포커스 5//       기숙학교의 줄리엣 16","25","일본순정"
"이치고와 안즈 5//        두근두근 프레이즈 17","25","일본순정"
"마치다 군의 세계 6//        타카네와 하나 18","25","일본순정"
"미녀는 못말려 6//        파르페틱 22","25","일본순정"
"예뻐지고 싶어 6//        엽기인 Girl 스나코 32","25","일본순정"
"아리사 7//        저스트 고고 32","25","일본순정"
"첫사랑 몬스터 8//        꽃의 노래","25","일본순정"
"캣 스트릿 8//        어쩔 수 없잖아!","25","일본순정"
"푸른 여름 8//        요조숙녀가 될거야","25","일본순정"
"손끝에서 로맨스 9 // 후쿠야당 딸들 11","25","일본순정"
"BOYS BE..러브 코퍼레이션 6 //       BXB 브라더스 10//        chuchuchu","25","일본순정"
"GO! 히로미 GO! 8 //        easy //           MAX 러브리 5","25","일본순정"
"w네임6 // 내일의 왕님 10 // 러버스 키스 2 // 너하고라면 사랑을 해봐도 5","25","일본순정"
"고양이//       김 비서가 왜 그럴까 5","28","웹툰"
"나빌레라 5 / 냐한 남자 5 // 남자친구를 조심해","28","웹툰"
"대학일기 5//       독립일기 5","26","웹툰"
"롱 리브 더 킹 시즌1 5","26","웹툰"
"과격자매단 2 // 갓 오브 하이스쿨 3","28","웹툰"
"내 ID는 강남미인 2","28","웹툰"
"단지 2/ 방과 후 전쟁활동 5 // 동네 변호사 조들호 6","26","웹툰"
"미쓰리즘 2/ 브릿지 5 //  미라클! 용사님 5","26","웹툰"
"발자국이 녹기 전에 2/ 블러드 레인 5","26","웹툰"
"뿔뿔뿔뿔 2 //  바보","26","웹툰"
"순정만화 2/ 아만자 5 / 신의 탑 19","27","웹툰"
"신과 함께: 이승편 2 / 우리사이느은 5","27","웹툰"
"싸우자 귀신아  2/여중생A 5","27","웹툰"
"아임 펫! 2/ 우리집에 왜 왔니 5","27","웹툰"
"양말도깨비 시즌 2 2/   양말도깨비 시즌1 2/ / 양말 도깨비 시즌 3","27","웹툰"
"유럽에서 100일 5","27","웹툰"
"혈계전선 10// 에리스의 성배 2 // 마왕의 딸은 너무 친절해!! 6","62","판타지"
"용비불패 외전 12// 마술사 쿠논은 보인다 1","62","판타지"
"이누카미! 6 // 악마에 입문했습니다! 이루마 군 47","62","판타지"
"prizona프리조나 // 페이트 스트레인지 페이크 9 (노벨)","62","판타지"
"고깔모자의 아틀리에/ 유큐홀더(UQ HOLDER) 14","63","판타지"
"팝팀 에픽/ 월드 트리거  16","63","판타지"
"태양의 묵시록 17","63","판타지"
"람페이지 3/ 가면전사 아쿠메츠 18","63","판타지"
"신은 사는게 괴로워 3/ 장국의 알타이르 18","63","판타지"
"럭 스틸러 4/ 세인트 영멘 19","63","판타지"
"신님X나님X자기님 4/ 유유백서 19","63","판타지"
"일하지 않는 두 사람 5/ 얼라이브 21","63","판타지"
"판도라 하츠 24","63","판타지"
"세븐스 가든 6/ 떠돌이 용병 아레스 26","63","판타지"
"군화의 발차 7/ 겟 백커스 39","63","판타지"
"유령왕 7/ 유레카 41","63","판타지"
"아드 아스트라 스키피오와 한니발 9/ 마제 55","63","판타지"
"쌍성의 음양사 10/ 이누야샤 56","63","판타지"
"충사 10/ 은아전설 위드 59","63","판타지"
"아라타 칸가타리 13/ 에덴","63","판타지"
"에이리어 D 14/","63","판타지"
"다이몬즈 13 55","63","판타지"
"Introduction to Chemical Engineering Thermodynamics 7/E","63","판타지"
"yong","63","판타지"
"우주전함 티라미스 2/ 셀레스티얼 클로즈 11/ 스모모모모모모 12","64","판타지"
"우치하 사스케의 사륜안전 2/ 삐리리 불어봐 재규어 12","48","소년만화"
"문호 스트레이독스 멍! 3/ 문호 스트레이독스 25","50","소년만화"
"이문수호전 3/ 유녀전기 12","64","판타지"
"비스트 나인 5/ 사이코 메트러 15","64","판타지"
"바사라 16","64","판타지"
"플래티넘 엔드 6/ 마왕성에서 잘자요 19","64","판타지"
"스트라바간차 7/ 어떤 마술의 금서목록 19","64","판타지"
"몽환 백서 20","64","판타지"
"가부쿠몬 8/ 빌리 배트 20","64","판타지"
"브레이브10 8/","64","판타지"
"시비토의 검 8/ 아이 앰 어 히어로 22","64","판타지"
"코드 기어스 반역의 를르슈 8/ 용오 22","64","소년만화"
"히카리맨 8/ 청의 엑소시스트 23","64","판타지"
"삼각창의 밖은 밤 10/ 쿠니미츠의 정치 27","64","판타지"
"이키가미 10/ 금색의 갓슈 33","64","판타지"
"타부 타투(Taboo Tattoo) 10/ 웨스턴 샷건 40","64","판타지"
"D.N.Angel. 14","64","판타지"
"이빨의 행상인 3/ 가면 라이더 스피리츠 16","65","판타지"
"월광 (ASTRAL PROJECT) 4/ 데드 프린세스 16","65","판타지"
"언젠가 천마의 검은 토끼 6/ 공작왕 17","65","판타지"
"월드 엠브리오 6/ 노라가미 18","65","판타지"
"타이거 앤 버니 7/ 어이 료마 23","65","판타지"
"신의 아이 8/ 소울이터 25","65","판타지"
"여자 제갈량 3/ 이태원 클라쓰 8","27","웹툰"
"오늘도 핸드메이드! 3 // 오리진: 세상 모든 것의 기원 3","27","웹툰"
"나 혼자만 레벨업 15 // 나 혼자만 레벨업 라그나로크 3 // 롱 리브 더 킹 시즌2 9","26","웹툰"
"운빨 로맨스 3 // 오늘도 사랑스럽 개 9","27","웹툰"
"윌유메리미 3// 소녀의 세계 9","27","웹툰"
"이웃 사람 3// 여신강림 19","27","웹툰"
"저녁 같이 드실래요? 3 // 찌질의 역사 8","28","웹툰"
"이상하고 아름다운 9","27","웹툰"
"진눈깨비 소년 3/ 전지적 독자 시점 14 // 조명가게 3","28","웹툰"
"창백한 말 3/ 캐셔로 2 // 타이밍 3","28","웹툰"
"실 10 / 어게인 // 아 지갑놓고나왔다 10","27","웹툰"
"타인은 지옥이다 3 // 투명한 동거 3","28","웹툰"
"닥터 프로스트 시즌2 11","26","웹툰"
"연놈 11 // 스위트 홈 12","27","웹툰"
"괴물 같은 아이돌 4/ 놓지마 정신줄 12","28","웹툰"
"그다이  // 극한견주 4/ 너를 찾는 파도 4","28","웹툰"
"어쿠스틱 라이프 12 / 시든 꽃에 눈물을 4","27","웹툰"
"낮에 뜨는 달 5 // 녹두전 4/","28","웹툰"
"너의 하트(Heart)를 나에게 줄래? 4","28","웹툰"
"유미의 세포들 13 //  쌍갑포차 14","27","웹툰"
"당신의 모든 순간 4 // / 미생 시즌2 13","26","웹툰"
"외모지상주의 16 //  윈드브레이커 16","27","웹툰"
"마음의 소리 레전드 100 4 // 마녀 4/","26","웹툰"
"마조앤새디 4","26","웹툰"
"이런 영웅은 싫어 27 // 슈퍼시크릿 4","27","웹툰"
"먹는 존재 Season 2 4/ 가우스 전자","26","웹툰"
"모럴센스 4/ 개인적인 택시","26","웹툰"
"못 잡아먹어 안달 4/ 고양이 낸시","26","웹툰"
"문유 4/ 그래일기","26","웹툰"
"기기괴괴: 성형수 /  기기괴괴: 아내의 기억 / 기기괴괴: 아프리카에서 생긴 일 / 기기괴괴: 저주받은 갤러리 / 기기괴괴: 키베이루의 서재","28","웹툰"
"팔견전 9/ 리버스 26","65","판타지"
"허영만 꼴 9/ 무한의 주인 27","65","판타지"
"나라가 불탄다 10/ 엔젤하트 33","65","판타지"
"디펜스 데빌 10/ 간츠 37","65","판타지"
"마왕 JUVENILE REMIX 10/ 사무라이 디퍼 쿄우 38","65","판타지"
"블랙라군 10/ 베르세르크 40","65","판타지"
"어둠의 후예 11/ 사이케델리아","65","판타지"
"공작왕 곡신기 12/ 총몽 외전 / 벨제바브","65","판타지"
"하루츠게와 눈의 아이/ 시구루이 15","66","시대극"
"앙골모아 원구전투기 4/ 빠직 빠직 16","66","시대극"
"유월초 4/ 바람의 검심 22","66","시대극"
"투모로우즈 4/ 차나왕 요시츠네 22","66","시대극"
"여신후보생 5/ 사도 25","66","시대극"
"견야차 6/ 경계의 린네 33","66","시대극"
"월야오초지 6/ 배가본드 37","66","시대극"
"난비란외 9/ 가마란","66","시대극"
"백병무자 12/ 도쿄 80's","66","시대극"
"여왕의 꽃 12/ 드래곤 아이/용안","66","시대극"
"산적왕 13/ 망량의 상자","66","시대극"
"오오쿠 19/ 우연이 남긴 것","66","시대극"
"센고쿠 15/ 히데요시로소이다!","66","시대극"
"보노보노S 2/ 보노보노 15","67","유아도서"
"만화로 보는 그리스 로마 신화 (특별판) 5/ 개구리 하사 케로로 20","67","유아도서"
"크레용 신짱 베스트 5/ 짱구는 못말려 만화로 보는 tv 애니메이션 // 신 크레용 신짱 50 // 짱구는 못말려 극장판 애니만화","67","유아도서"
"도라에몽 플러스 6/ 안녕 자두야 29","67","유아도서"
"흔한남매 7/만화로 보는 그리스 로마 신화 20","67","유아도서"
"닥터 슬럼프 15/ 마법천자문 57 / 해리포터","67","유아도서"
"코믹 메이플스토리 100 // 삼국지 10","67","유아도서"
"카드캡터 사쿠라 애장판 6/ 카드캡터 사쿠라 (클리어카드편) 13 / / 슈가슈가룬 8","68","유아도서"
"코드 기어스 나이트메어 오브 나나리 5","12","소년만화"
"바쿠만 20 / 산 18","12","드라마"
"타임슬립 닥터 JIN 20 //             S(에스): 최후의 경관. 4","12","드라마"
"신데렐라 쇼퍼 7//            의룡 25","12","드라마"
"데몰리션맨 가몬 9//            와일드 라이프 27","12","드라마"
"뚱쌤 9//            야왕 29","12","드라마"
"메이의 집사 15//             흑집사 32","12","드라마"
"우로보로스 12//            하야테처럼 49","12","드라마"
"갓 핸드 테루 62//            스위치 13 : Switch","12","드라마"
"시마네의 변호사 14","12","드라마"
"SOS 해상 특수구조대. 20","12","드라마"
"E.D.D. (Eliminate Dangerous Doctors) 5","12","드라마"
"신 검은 사기 3//             검은 사기 38","13","회사/도박"
"징역 339년 4//            상처투성이 진세이 15","13","회사/도박"
"왈츠 6//             오늘부터 우리는 19","13","회사/도박"
"위너즈 서클에 어서오세요 9//            크로우즈 완전판 19","13","회사/도박"
"차카게 살자 9//             차카게 살자 2부 10","13","회사/도박"
"폭두방랑 타나카 9 //            폭두고딩 타나카 10//            폭두백수 타나카 10//            폭두직딩 타나카 10/","13","회사/도박"
"폭음열도  14 //            건달군과 안경양 23","13","회사/도박"
"도박묵시록 카이지 39","13","회사/도박"
"니나 잘해 50//            감옥학원 27//             골드 : GOLD 10","13","회사/도박"
"엠블럼 TAKE 2 62","13","회사/도박"
"갬블 11//            삐따기 93","13","회사/도박"
"데드맨 원더랜드 13//            카이지","13","회사/도박"
"헤이 리키 13","13","회사/도박"
"엘리트 건달 51//             100억의 사나이.12","13","회사/도박"
"격류혈 3//             갱킹 27","14","남성향 만화"
"슈거리스 3//            키드갱 27","14","남성향 만화"
"하루미치 3//             군계 28","14","남성향 만화"
"늑대폐하의 신부 19","36","일본순정"
"학원 앨리스 31","57","인기도서"
"정글은 언제나 맑음뒤 흐림 10","30","학원"
"먼작귀 5 / 망그러진 만화 3 / 상냥한 토끼 야사우사짱","58","인기도서"
"내세에는 남남이 좋겠어 7","57","인기도서"
"쇼타 형아 7/ 빙속성 남자와 쿨한 동료여자 10/  얼굴만으론 좋아할 수 없어요 11","58","인기도서"
"내 마음의 위험한 녀석 8","22","로맨스코미디"
"학생회에도 구멍은 있다! 12  / 아가씨와 충견군 9","56","성인"
"타몬 군 지금 어느 쪽 ?! 9/ 최애의 아이 16/ 숨막힐 정도의 사랑을 줄게 2","58","인기도서"
"슬램덩크 신장재편판 20 / 슬램덩크 오리지널 31 / 슬램덩크 챔프 / 슬램덩크 리소스","8","스포츠"
"동인녀의 감정 3 / 달님이 바라시는 대로 7","32","신간도서"
"31 아이 드림 4 / 괴물이야기 22","59","인기도서"
"히카루가 죽은 여름 4 / 도망을 잘 치는 도련님 16","58","인기도서"
"봄의 폭풍과 몬스터 7/ 스킵과 로퍼 10 / 밟고, 차고, 사랑하고 4","58","인기도서"
"타이거&드래곤 3 / 이웃집 스텔라 6/ 극락가  3","32","신간도서"
"기븐 9 // 체인소맨 22","57","인기도서"
"지. -지구의 운동에 대하여-","28","웹툰"
"다정다감 18","34","국내순정"
"오리무중 그녀 3/ 티아라 26","34","국내순정"
"혼담별곡 8/ 절정 7","34","국내순정"
"가정교사 히트맨 리본 REBORN 42","34","소년만화"
"물고기의 밤 9","34","국내순정"
"지독하게 끌어안고 지독하게 키스하고 9/ 빙의","34","국내순정"
"신암행어사","34","시대극"
"파파야","34","국내순정"
"뱀파이어 도서관 13/","34","국내순정"
"어떤 과학의 일방통행/ 우리들은 미쳤다 16","35","국내순정"
"우리 딸을 위해서라면, 나는 마왕도 쓰러뜨릴 수 있을지 몰라 2","35","국내순정"
"우리 시작은 결혼?! 2 / 3월의 라이온.18","35","국내순정"
"천사에게 장미 꽃다발을 2","35","국내순정"
"후르츠 바스켓 another 3 // 바사라 27","35","일본순정"
"우동나라의 황금색 털뭉치 4/ 오타쿠에게 사랑은 어려워 5","35","국내순정"
"해수의 아이 5","35","국내순정"
"오렌지 6/ 오늘의 인생","35","국내순정"
"주말엔 숲으로","35","국내순정"
"너는 봄에 눈을 뜬다 8","35","국내순정"
"허영만의 커피 한잔 할까요? 8","20","요리"
"방과후 양호실 10/ 클릭 MINK 밍크","35","국내순정"
"뷰티팝 10/ 윈드 브레이커 (일본)  12","35","국내순정"
"마틴앤존 (martin & john) 12/ 후르츠 바스켓","35","국내순정"
"어떤 과학의 초전자포 12/ / 오늘은 회사 쉬겠습니다 13","35","판타지"
"극채의 집 2/ 안녕, 가시나무 공주 6","36","일본순정"
"코우다이 가 사람들 6","36","일본순정"
"달빛천사 7","36","일본순정"
"그녀는 로쿠로쿠비 4","36","일본순정"
"할망소녀 히나타짱 4","36","일본순정"
"계절을 잊고 핀 꽃 5/ 남자친구는 오렌지색 11","36","일본순정"
"물에 깃든 꽃 5","36","일본순정"
"캔디 캔디 8/ 하늘은 붉은 강가 16","68","유아도서"
"베르사유의 장미 완전판 9/ 프린세스 31","68","유아도서"
"미소녀 전사 세일러 문 10/ 유리가면 49","68","유아도서"
"레이디 빅토리안 10 / 꿈빛 파티시엘 12 // 열두가지 이야기 마블 슈퍼히어로 // 해리포터 마법사의 돌","68","유아도서"
"토리코 15","21","요리"
"사랑하라 ,거짓된 천사들이여 5 //  새벽의 연화 47","57","인기도서"
"너를 너무너무너무너무 좋아하는 100명의 그녀 17","22","로맨스코미디"
"달이 이끄는 이 세계 여행 6","2","그래픽노블"
"터무니 없는 스킬로 이 세계 방랑밥 5","20","요리"
"괴롭히지 말아요 나가토로 양 14 / 할아버지 할머니 회춘하다 1","22","로맨스코미디"
"캐릭캐릭 체인지! 5 // 캐릭캐릭 체인지  jewel joker 3","67","유아도서"
"정년이 10 // 참아주세요, 대공 4","28","웹툰"
"마왕인 내가 노예 엘프를 신부로 삼았는데 어떻게 사랑하면 되지? 3","50","소년만화"
"아이돌리쉬 세븐 유성에 빌다 2 // 아이돌리쉬 세븐 트리거 // 완전 쓰레기인 와타라세인데 2","33","신간도서"
"죠죠의 기묘한 모험 60 // 더 죠죠랜드 1","61","판타지"
"다이아몬드의 공죄 4 //   아혈의 음양사 5 / 격기 3반 12","32","신간도서"
"킬러의 최애 2 / 블랙 쉽 3 / 타마의 포상 5 // 블루 아카이브 게임 개발부 2","32","신간도서"
"사신 도련님과 검은 메이드 2","45","성인"
"유라쿠초 도깨비 과자점 7/","21","요리"
"손끝과 연연 12","58","인기도서"
"사카모토 데이즈 26/ / 하이큐!! 45 / 렛츠! 하이큐?! 6","58","인기도서"
"심연의 하늘 7 // what does the fox say?","27","웹툰"
"노블레스 Season1 ~7 6완","27","웹툰"
"사슴아이 어슬렁 어슬렁 호시탐탐 5","30","학원"
"5등분의 신부 14","22","로맨스코미디"
"가끔씩 툭하고 러시아어로 부끄러워하는 옆자리의 아랴 양 2 / 마법소녀 마도카 마기카 3","32","신간도서"
"내가 본 미래 완전판 //소원의 아스트로 2 /","33","신간도서"
"코미 양은 커뮤증입니다 30  // 공주님 고문의 시간입니다 14","33","신간도서"
"라이어 게임 19 //        피안도 63","19","스릴러"
"암살교실 21","19","스릴러"
"미스터 맛짱 12//       미스터 초밥왕 14 //       미스터 요리왕 15//       미스터 초밥왕 전국대회편 8","20","요리"
"마사키의 빵 2//        괴도 르 뱅 2","20","요리"
"밥 짓는 세 바보 2//       이세계 주점 노부 14","20","요리"
"옆집은 뭐 먹지 2//        어제 뭐 먹었어? 23//        오늘 뭐 먹지?","20","요리"
"허영만 식객 2//       식객 27//       식객 팔도를 간다","20","요리"
"나노하 양과자점의 좋은 일 4//       절대미각 식탐정 16","20","요리"
"녹풍당의 사계절 4//       심야식당 23//       고독한 미식가","20","요리"
"신의 물방울 최종장 마리아주 4//       신의 물방울 44","20","요리"
"행복한 밥 4//       어시장 삼대째 42","20","요리"
"먹짱 GAMBLER 6","20","요리"
"화려한 식탁 49","20","요리"
"집에서 한잔 7//       맛의 달인 111","20","요리"
"다카스기 가의 도시락 10 //        에미야 가의 오늘의 밥상 7","20","요리"
"던전밥 14 //         밤비노! 15","20","요리"
"미식과 장미의 나날 2//        우에노 선배는 서툴러 8","21","요리"
"히나코 노트 2//       천사 1/2 방정식 8","21","요리"
"히이라기 님은 자신을 찾고 있다 2//       좋아한다고 말하게 하는 법 9","21","요리"
"네볼에 키스 3//       베리타스 10","21","요리"
"라멘 너무 좋아 코이즈미 씨 3//        와가츠마 님은 내 신부 13","21","요리"
"아오바군에게 듣고 싶은 말 3//       너와 나 15","22","로맨스 코미디"
"연하의 그 아이 3//       호리미야 16","21","요리"
"지구의 끝은 사랑의 시작 3//        해파리 공주 17","21","요리"
"좋아하지 않을 거야, 선배 4//       장난을 잘 치는 타카기 양 18 // 장난을 잘 치는 전 타카기 양 15","22","로맨스코미디"
"호시가미는 정상이 아니야 4//        소믈리에르 21","21","요리"
"그 아이의 포로 5/","21","요리"
"주문은 토끼입니까? 6//       따끈따끈 베이커리 26","21","요리"
"러브히나 7//        라면요리왕 26","21","요리"
"헤븐 3/ 벚꽃사중주 20","55","소년만화"
"사랑과 요괴와 학생회 4/ 여친 빌리겠습니다 23","55","소년만화"
"샤먼킹 플라워즈 6/ 요괴 아파트의 우아한 일상 24","55","소년만화"
"인형사의 밤 6/ 누라리횬의 손자 25","55","소년만화"
"보이지 않는 나라 8/ 나츠메 우인장 31","55","소년만화"
"귀신별곡 9/ 호오즈키의 냉철 31","55","소년만화"
"모모치네집 요괴왕자 9/ 샤먼킹 32","55","소년만화"
"엠바밍 10/ 결계사 35","55","소년만화"
"이누야시키 10/ 45","55","소년만화"
"월야초자 3 - 月夜草子","55","소년만화"
"Re: 제로부터 시작하는 이세계 생활. 2 // Re:제로부터 시작하는 이세계 생활 제2장. 4 // Re:제로부터 시작하는 이세계 생활 제3장. 1","55","소년만화"
"뉴 게임(New Game) 7","45","성인"
"좋으니까 좋아 3 // 전부 잊었다 2 // 동거 레시피 8","45","성인"
"후회없이 사랑해 7 // 아마도 메구미는 빈틈투성이 1 // 헌팅 걸의 러브 스토리 3","45","성인"
"불량 쇼타와 오타쿠 누님 2/ 나의 소년 8","56","성인"
"아사미 선생님의 비밀 2/ 동거 레시피 8","56","성인"
"어덜트 핑크 2/ 두근두근 이웃사촌 8 // 안기고 싶은 남자 1위에게 협박 당하고 있습니다 8","56","성인"
"전부 잊었다 2/ 선생님과 열애중 8 // 첫 갸루 2","56","성인"
"쓰레기의 본망 8 // 하렘혼 9 // 종말의 하렘 3","45","성인"
"첫사랑 일기 2 // 극락카페 2 // 행복색 원룸/","56","성인"
"그건 아냐 달링 3/ 사막의 하렘 9// 꽃꽂이 GIRL 3","56","성인"
"나와 유쾌한 이야기 2 /","45","성인"
"누드후르츠 3/  러브 보이 러브 3// 지저귀는 새는 날지 않는다 7","56","성인"
"눈의 나라에서 3/ 그 비스크 돌은 사랑을 한다 15","56","성인"
"꿈꾸는 태양 10 //  엉큼해서 미안 7 // 천사가 하라는대로 3/ 콤플렉스 6","45","성인"
"러브 코미디 바보 3/ 라이어 X 라이어 10 / 나의 다정한 형","56","성인"
"밤까지 기다릴 수 없어 3/ 백마 탄 왕자님 10","56","성인"
"청춘 블라썸 6 //  헬퍼 18","28","웹툰"
"스튜디오 짭쪼롬 4 // 뷰티풀 군바리 10","27","웹툰"
"아는 사람 이야기 4 // 이끼 4 // 연의 편지","27","웹툰"
"언럭키 맨션 4 / 선천적 얼간이들 4/","27","웹툰"
"낢이 사는 이야기 // 니쿠 이야기 // 가비지타임 20 //","29","웹툰"
"우리집에 곰이 이사왔다 4 // 여자만화 구두 4/","27","웹툰"
"마흔이 되어버렸는걸 // 며느라기","26","웹툰"
"일진의 크기 4 //  시노다 과장의 삼시세끼","27","웹툰"
"총수 4 // 통 4","28","웹툰"
"탐묘인간 4 // 토끼와 흑표범의 공생관계/","28","웹툰"
"엄마, 오늘부터 일하러 갑니다! // 여학교의 별 4","27","웹툰"
"패밀리 사이즈(Family Size) 4","28","웹툰"
"허니블러드 4/ 효도할 수 있을까?","28","웹툰"
"계룡 선녀전 5/  나의 빛나는 세계 // 남편을 내 편으로 만드는 방법 //","28","웹툰"
"당신의 이해를 돕기 위하여","26","웹툰"
"지금 우리 학교는 5","28","웹툰"
"악당의 아빠를 꼬셔라 13 // 악역의 엔딩은 죽음뿐 7","27","웹툰"
"황제의 아이를 숨기는 방법/ 하루만 네가 되고싶어 6","28","웹툰"
"레이디 투 퀸 3 //  도굴왕 8","26","웹툰"
"극락왕생 8 / 남과 여  7 // / 그녀가 공작저로 가야 했던 사정 9","28","웹툰"
"이번 생은 가주가 되겠습니다 1부 4//이번 생은 가주가 되겠습니다 2부 3","27","웹툰"
"내가 죽기로 결심한 것은 4 / 나의 마녀 4","28","웹툰"
"인소의 법칙 7// 앵무살수 5","27","웹툰"
"똑 닮은 딸 4","26","웹툰"
"악녀가 사랑할 때 5 // 어느 날 공주가 되어버렸다 9","27","웹툰"
"마루는 강쥐 6 //  버림받은 황비 9","26","웹툰"
"라이프 소 해피: 러브 소 라이프 2/ 바닷마을 다이어리 8","30","학원"
"일상 9 / 매일, 휴일 8","36","일상"
"스파이 패밀리 16","30","학원"
"소드 오라토리아 3","30","학원"
"아즈망가 대왕 3/ 건어물 여동생! 우마루짱 12","30","학원"
"요츠바랑 16 // 헤이세이 폴리스맨!! 7","36","일상"
"별 셋 컬러즈 4/ 러브 소 라이프.(love so life) 17","30","학원"
"학원 베이비시터즈 23","30","학원"
"니체선생 6 / 모두! 초능력자야!","30","학원"
"아기와 나 6/  유치원 WARS 16","36","일상"
"화이트 노트 패드 2","30","학원"
"히토리 봇치의 00생활 2/ 사키 8","30","학원"
"옆자리 세키군 10 / 슈퍼 뒤에서 담배를 피우는 두 사람 7","30","학원"
"그녀가 되는 날 Another 4/ 보쿠걸 11","30","학원"
"그녀가 되는 날 4/ 라이프 20","30","학원"
"맨즈 라이프 4","30","학원"
"사카모토입니다만 4","30","학원"
"치하야후루 37","30","학원"
"사쿠라, 사쿠 9","30","학원"
"학교생활! 12","19","스릴러"
"화산귀환 7 // 황제의 외동딸 11 // 화이트 블러드 8","28","웹툰"
"꿈의 물방울, 황금의 새장. 14","31","판타지"
"모모 환생 전기 16 // 빨강머리 백설공주 27 // 리코리스 리코일 1","31","신간도서"
"오란고교 호스트부 18","58","인기도서"
"무적도 6//             죄수 리쿠 31","14","남성향 만화"
"너의 나이프 10","14","남성향 만화"
"돌격 크로마티 고교 17//            클로버 43","14","남성향 만화"
"도쿄 크레이지 파라다이스  19//            사채꾼 우시지마 46","14","남성향 만화"
"블랙캣  20   //              짱 74","14","남성향 만화"
"레인보우(RAINBOW) 22//             멋진남자 김태랑","14","남성향 만화"
"돌격 남자훈련소2부 25//            돌격! 남자훈련소 34","14","남성향 만화"
"WORST 워스트 외전 //            WORST 워스트 33","14","남성향 만화"
"귀 5//             서울 협객전 28","15","남성향 만화"
"손영기 5//             창천항로 36","15","남성향 만화"
"도시로 올시다 8//            용랑전 37","15","남성향 만화"
"전설의 캡짱 쇼우 11//              해황기 45","15","남성향 만화"
"용랑전 중원요란편 17//             삼국 장군전 52","15","남성향 만화"
"창천의 권 22//             킹덤 75","15","남성향 만화"
"죽음이 두 사람을 갈라놓을 때까지 25//              열혈강호 94//              Remember(리멤버). 7","15","남성향 만화"
"붉은매. 2부 28//              PING(핑)","15","남성향 만화"
"그리고, 또 그리고 3//             이 미술부에는 문제가 있다! 8","16","예술"
"치어 3//              볼룸에 오신 것을 환영합니다 9","16","예술"
"천사와 아쿠토 4//             스바루 11","16","예술"
"무희 5//            아르테 11","16","예술"
"아직 최선을 다하지 않았을 뿐 5//            프라이드 11","16","예술"
"우라카타 5//            왕자님 킹덤 12","16","예술"
"파라다이스 키스 5//            월간순정 노자키군 17","16","예술"
"날마다 록 6//             뇌쇄미인 16","16","예술"
"두다댄싱 6//             순백의 소리 16","16","예술"
"피아노의 숲 26//             노다메 칸타빌레 25","16","예술"
"만연(만화연구부) 7//            열두 비색 팔레트 6","16","예술"
"블루 자이언트(BLUE GIANT) 7//             고다건","16","예술"
"Moon(문). 9","16","예술"
"엠마 10","17","로맨스"
"시작하는 니이나 4/ 레이브 35","49","소년만화"
"사랑과 거짓말 6/ 마마컬렉션","49","소년만화"
"앨리스 19TH 7/ 성전","49","소년만화"
"지옥당 영계통신 9/ 유희왕 7","49","소년만화"
"엠퍼러와 함께/ 플라잉 위치 11","50","소년만화"
"최애가 부도칸에 가준다면 난 죽어도 좋아 3/ 제물공주와 짐승의 왕 14","50","소년만화"
"데모크라티아 5/ 모브 사이코 100 16","50","소년만화"
"글레이프니르 6/ 괴물사변 21","50","소년만화"
"변변찮은 마술강사와 금기교전 19","50","소년만화"
"앨리스와 조로쿠 8/ 블랙 클로버 34","50","소년만화"
"레이겐(REIGEN) 영급치 MAX131의 남자","50","소년만화"
"하레구우 10/ 천국대마경 11 //","50","소년만화"
"일하는 세포_lady 3/ 청춘 시무룩 클럽 10","51","소년만화"
"토리마니아 3/ 호문쿨루스 10","51","소년만화"
"클락워크 플래닛 4/ 기교동자 울티모 12","51","소년만화"
"일하는 세포 5/ 불멸의 그대에게 12","51","소년만화"
"도쿄 에일리언즈 10 // 안녕, 에리 / 룩백","51","소년만화"
"파이어 펀치 8/ 신세기 에반게리온 14","51","소년만화"
"공정 드래곤즈/ 브레이커 NW 20","52","소년만화"
"에덴의 우리 21","52","소년만화"
"도로시 5/ 강철의 연금술사 27","52","소년만화"
"쵸파맨 5/ 완전판 드래곤볼 34","52","소년만화"
"헌터헌터 헌터x헌터 38","52","소년만화"
"환상게임 완전판 9/ 일곱 개의 대죄 41","52","소년만화"
"브레이커 10/ 드래곤 볼 신장판 42 / 드래곤볼 슈퍼 18 / 드래곤볼 총집편 초오공전 11/","52","소년만화"
"나루토 72 / 나루토 비전 자의 서 / 나루토 외전 ~7대 호카케과 진홍빛 3월~ / 보루토 15","52","소년만화"
"블리치 74","52","소년만화"
"환상게임 현무개전 12/ 은혼 77","52","소년만화"
"모험왕 비트 13/ 원피스 114  / 원피스 파티 7/ 원피스 노블 에이스/","52","소년만화"
