도서명,보유권수,작가,목표장르,기존서가
그녀도 여친,1~16권,히로유키,일상/개그,1
마토메 그로기 헤븐,1~6권,미타 타카오,일상/개그,1
이리 와.,1~7권,쿠메타 코지,일상/개그,1
앗군과 그녀,1~4권,카키츠바타 와카,로맨스/로판,1
크라운,1~6권,와다 신지,액션/모험,1
월화국 기의전,1~7권,마츠모토 테마리,판타지/무협,1
고래의 아이들은 모래 위에서 노래한다,1~15권,우메다 아비,판타지/무협,1
하나마루 유치원,1~11권,유토,일상/개그,1
부엉이와 밤의 왕,1~4권,코교쿠 이즈키,판타지/무협,1
텐초 안돼,1~3권,이치카와 킨,일상/개그,1
불가사의한 소년,1~8권,야마시타 토모코,드라마/스포츠/SF,1
모노크로 소년 소녀,1~12권,후쿠야마 료코,로맨스/로판,1
복면 노이즈,1~18권,후쿠야마 료코,로맨스/로판,1
텐도가 이야기,1~13권,사이토 치호,로맨스/로판,1
댄싱 폴리스맨,보유,후지사와 토오루,일상/개그,1
오늘부터 마가붙는 자유업!,1~20권,타카바야시 토모,판타지/무협,1
괴력란신 쿠완,1~7권,타카하시 츠토무,액션/모험,1
가부쿠몬,1~8권,타카하시 츠토무,액션/모험,1
큐피,1~8권,타카하시 히로시,액션/모험,1
추남 진성 파이터,1~6권,하야시자키 후미히로,액션/모험,2
해피엔드,1~5권,아리마 타카시,스릴러/추리/호러,2
고성소의 슈베스터,1~6권,야하라 히로시,스릴러/추리/호러,2
레드 가든,1~4권,곤조,스릴러/추리/호러,2
DOGS,1~9권,미와 시로,액션/모험,2
베르세르크,1~42권,미우라 켄타로,판타지/무협,2
종말의 세라프,1~31권,카가미 타카야,판타지/무협,2
약사의 혼잣말 (소설),1~14권,휴우가 나츠,일반도서/소설,2
카미츄!,1~2권,베사메무초,일상/개그,2
천재 유교수의 생활,1~17권,야마시타 카즈미,드라마/스포츠/SF,2
뼈 드래곤의 귀한 딸,1~4권,유키지,판타지/무협,2
간츠,1~37권,오쿠 히로야,드라마/스포츠/SF,3
바키,1~31권,이타가키 케이스케,액션/모험,3
야왕,1~29권,쿠라시나 료/이노우에 노리요시,드라마/스포츠/SF,3
강호패도기,1~37권,오치아이 유스케,판타지/무협,3
창천의 권,1~22권,하라 테츠오/부론손,액션/모험,3
마법총술사 쿠로히메,1~18권,카타쿠라 마사노리,판타지/무협,3
격투미신 무룡,1~18권,모리타 마사노리,액션/모험,3
거기서 일하는 무스부 씨,1~5권,모리 타이시,로맨스/로판,4
굿바이 미니스커트,1~2권,마키노 아오이,드라마/스포츠/SF,4
몽몽 모노노케,1~4권,쿠로다 에이지,판타지/무협,4
"와, 같은",1~5권,미상,로맨스/로판,4
우루시하 사라라는 사랑따위 하지 않아,1~3권,Piroshiki,로맨스/로판,4
층계참에 스커트가 울린다,1~4권,아마노 슌타,로맨스/로판,4
성혈의 해수,1~3권,미상,로맨스/로판,4
천호 봉인시,1~3권,미상,로맨스/로판,4
운명의 사람을 만나는 이야기,1~5권,아나시로,로맨스/로판,4
마법소년 나츠키 러빗,1~4권,미상,로맨스/로판,4
늑대인간은 빨간 망토에 길들여지지 않아,1~2권,미상,로맨스/로판,4
1년에 1만엔으로 수명을 팔았다,1~3권,미아키 스가루,드라마/스포츠/SF,4
집으로 돌아가자,1~4권,미상,로맨스/로판,4
언제가의 이츠카,1~4권,미상,로맨스/로판,4
아저씨는 귀여운 것을 좋아해,1~7권,츠토무,일상/개그,4
마왕성은 사이코로트닉스,1~2권,미상,로맨스/로판,4
뉴 노멀,1~4권,아이하라 아카네,드라마/스포츠/SF,4
마왕님과 슈운,1~4권,미상,로맨스/로판,4
할배는 죽지 않는다,1~2권,미상,로맨스/로판,4
우주 끝의 한가운데,1~2권,미상,로맨스/로판,4
뽀로와 유학일기,1~2권,미상,로맨스/로판,4
네가 죽을 때까지 사랑하고 싶어,1~7권,아오노 나치,BL/GL,4
에비가와초 요괴카페,1~4권,스즈키 아리코,판타지/무협,4
오늘부터 시작하는 소꿉친구,1~2권,오비야 켄,로맨스/로판,4
이건 사랑이지 연애가 아냐,1~5권,미상,로맨스/로판,4
씹으면 씹을수록 달콤해져,1~6권,미상,로맨스/로판,4
오버로드 공식 코믹 아라카르트,1~3권,엔터브레인,판타지/무협,4
악역 왕자는 사랑을 할 수 없다,1~2권,미상,로맨스/로판,4
"내 전속, 마법사님",1~2권,미상,로맨스/로판,4
만천의 별과 푸른 하늘,1~3권,미상,로맨스/로판,4
업로드 용사,1~2권,미상,로맨스/로판,4
메시아의 철퇴,1~3권,미상,로맨스/로판,4
연하의 그 아이,1~3권,미상,로맨스/로판,4
매리지 그레이,1~4권,와다 토모히로,로맨스/로판,4
고고고고 고스트,1~2권,미상,로맨스/로판,4
늑대인간 집사의 불온한 일과,1~2권,미상,로맨스/로판,4
칸무리 씨의 시계공방,1~4권,미상,로맨스/로판,4
뿔 학원,1~2권,미상,로맨스/로판,4
"오늘 밤, 괴인과 티타임을",1~2권,미상,로맨스/로판,4
머메이드 보이즈,1~3권,미상,로맨스/로판,4
콜드 게임,1~5권,미상,로맨스/로판,4
몽황의 그림자 공주,1~2권,미상,로맨스/로판,4
쌍둥이 남매의 속사정,1~2권,미상,로맨스/로판,4
샹피뇽의 마녀,1~5권,미상,로맨스/로판,4
죽을 때는 눈부시게,1~5권,미상,로맨스/로판,4
데비 더 코르시파는 지기 싫어해,1~3권,미상,로맨스/로판,4
밤의 이름을 불러줘,1~4권,미상,로맨스/로판,4
그럼에도 불구하고,1~3권,미상,로맨스/로판,4
가라오케 가자!,보유,와야마 야마,일상/개그,5
"패밀리 레스토랑 가자 상,하",보유,와야마 야마,일상/개그,5
먼작귀,1~5권,나가노,일상/개그,5
여학교의 별,1~4권,아야마 야마,일상/개그,5
키리오 팬클럽,1~6권,치카,일상/개그,5
키리오 팬클럽 FC,보유,치카,일상/개그,5
보이는 여고생,1~11권,이즈미 토모키,스릴러/추리/호러,5
괴이 소녀와 행방불명,1~4권,누지마,스릴러/추리/호러,5
히카루가 죽은 여름,1~8권,모쿠모쿠 렌,스릴러/추리/호러,5
마슐,1~18권,코모토 하지메,판타지/무협,5
약사의 혼잣말 (만화),1~18권,네코쿠라게/휴우가 나츠,드라마/스포츠/SF,5
보석의 나라,1~13권,이치카와 하루코,판타지/무협,6
위치 워치,1~21권,시노하라 켄타,판타지/무협,6
푸른 상자,1~24권,코우지 미우라,로맨스/로판,9
타몬 군 지금 어느 쪽 ?!,1~13권,시와즈 유키,로맨스/로판,9
그 비스크 돌은 사랑을 한다,1~15권,후쿠다 신이치,로맨스/로판,9
사쿠라 사쿠,1~9권,사키사카 이오,로맨스/로판,9
봄의 폭풍과 몬스터,1~9권,미츠바치 미유키,로맨스/로판,9
반딧불이의 혼례,1~11권,오레코 타치바나,로맨스/로판,9
스킵과 로퍼,1~10권,타카마츠 미사키,로맨스/로판,9
쓰레기 기둥서방 하나 군은 죽고 싶어해,1~3권,미상,로맨스/로판,9
사이키 쿠스오의 재난,1~26권,아소 슈이치,판타지/무협,5
사카모토입니다만?,1~4권,사노 나미,코믹스/그래픽노블,5
문호 스트레이 독스,1~27권,하루카와 산고,판타지/무협,6
문호 스트레이 독스 공식 앤솔로지,1~4권,아사기리 카프카/하루카와 35,액션/모험,6
문호 스트레이 독스 비스트,1~2권,아사기리 카프카/하루카와 35,액션/모험,6
문호 스트레이 독스 멍!,1~6권,아사기리 카프카/하루카와 35,액션/모험,6
나의 히어로 아카데미아,1~42권,호리코시 코헤이,액션/모험,6
나의 히어로 아카데미아 스매시!!,1~5권,호리코시 코헤이,액션/모험,6
나의 히어로 아카데미아 팀업미션,1~6권,호리코시 코헤이,액션/모험,6
비질랜티,1~15권,후루하시 히데유키/벳텐 코트,액션/모험,6
가치아쿠타,1~14권,우라나 케이,액션/모험,6
파이어 펀치,1~8권,후지모토 타츠키,액션/모험,6
황천의 츠가이,1~11권,아라카와 히로무,판타지/무협,6
강철의 연금술사,1~27권,아라카와 히로무,판타지/무협,6
사이코메트리,1~15권,안도 유지,스릴러/추리/호러,6
블루 록,1~36권,카네시로 무네유키,드라마/스포츠/SF,6
블루록 에피소드 나기,1~1권,카네시로 무네유키,드라마/스포츠/SF,6
도쿄 에일리언즈,1~10권,NAOE,액션/모험,7
극락가,1~5권,사노 유토,판타지/무협,7
팬텀 버스터즈,1~7권,네오 쇼코,액션/모험,7
카구라바치,1~10권,타케루 호카조노,판타지/무협,7
약속의 네버랜드,1~20권,카이우 시라이 / 포스카 데미스,판타지/무협,7
스파이 패밀리,1~17권,타츠야 엔도,일상/개그,7
디그 잇,1~3권,무츠미 쇼타로,드라마/스포츠/SF,7
헌터 X 헌터,1~38권,요시히로 토가시,액션/모험,7
도쿄 리벤저스,1~31권,켄 와쿠이,액션/모험,7
도쿄 리벤저스 - 바지 케이스케로부터의 편지-,1~4권,와쿠이 켄,액션/모험,7
도쿄대 리벤저스,1~6권,켄 와쿠이,판타지/무협,7
도쿄 구울,1~14권,스이 이시다,스릴러/추리/호러,7
도쿄 구울 re,1~16권,스이 이시다,스릴러/추리/호러,7
지옥락,1~13권,카쿠 유지,액션/모험,7
아인,1~17권,"사쿠라이 가몬, 미우라 츠이나",스릴러/추리/호러,8
주술회전,1~30권,아쿠타미 게게,액션/모험,8
진격의 거인,1~34권,이사야마 하지메,액션/모험,8
진격의 거인 Before the fall,1~17권,이사야마 하지메,액션/모험,8
진격의 거인 Lost girls,1~2권,이사야마 하지메,액션/모험,8
진격의 거인 후회없는 선택,1~2권,이사야마 하지메,액션/모험,8
괴물사변,1~23권,쇼 아이모토,판타지/무협,8
최애의 아이,1~16권,아카 아카사카/멘고 요코야리,로맨스/로판,8
괴수 8호,1~16권,나오야 마츠모토,판타지/무협,8
귀멸의 칼날,1~23권,고토게 코요하루,액션/모험,8
귀멸학원,1~6권,고토게 코요하루,액션/모험,8
지박소년 하나코 군,1~25권,아이다이로,판타지/무협,8
사카모토데이즈,1~27권,유토 스즈키,일상/개그,8
체인소맨,1~23권,타츠키 후지모토,액션/모험,8
막내 황녀님,1~3권,미상,액션/모험,8
막내 황녀님 외전,보유,미상,액션/모험,8
과거의 남자,1~2권,미상,액션/모험,8
서주,보유,미상,액션/모험,8
장송의 프리렌,1~15권,야마다 카네히토,판타지/무협,8
버진 호텔,1~7권,미상,로맨스/로판,9
그림자 공주의 혼례,1~3권,미상,로맨스/로판,9
혈해의 노아,1~5권,미상,로맨스/로판,9
호리미야,1~17권,"히로, 하기와라 다이스케",로맨스/로판,9
야마다 군과 Lv999의 사랑을 하다,1~8권,미상,로맨스/로판,9
5등분의 신부,1~14권,하루바 네기,로맨스/로판,9
손끝과 연연,1~13권,수 모리시타,로맨스/로판,9
요시오의 하늘,1~6권,미상,로맨스/로판,9
"언니같은 남자, 시작합니다",1~1권,미상,로맨스/로판,9
"맑게, 불안하게, 애틋하게.",1~6권,미상,로맨스/로판,9
비오는 밤의 달,1~5권,미상,로맨스/로판,9
신이 축복한 남자,1~11권,미상,로맨스/로판,9
이상한 과자 가게 전천당,1~12권,미상,로맨스/로판,9
통제불능,1~2권,미상,로맨스/로판,9
달빛연인,보유,미상,로맨스/로판,9
만렙 닥터 리턴즈,1~17권,미상,로맨스/로판,9
달을 사랑한 괴물,1~4권,미상,로맨스/로판,9
암살자,1~3권,미상,로맨스/로판,9
폐하의 소꿉친구,1~3권,미상,로맨스/로판,9
지금 사랑을 하고 있어요,1~9권,미상,로맨스/로판,9
바운더 최강 소년 항우,1~2권,미상,로맨스/로판,9
연애가 필요해,1~2권,미상,로맨스/로판,9
범하지 말지어다,1~2권,미상,로맨스/로판,9
감방에서 남자주인공을 만났습니다,1~4권,미상,로맨스/로판,9
이불 밖은 위험해,1~2권,미상,로맨스/로판,9
결혼합의,1~2권,미상,로맨스/로판,9
고영이 키스,보유,미상,로맨스/로판,9
청연,보유,미상,로맨스/로판,9
마녀의 장례식,1~2권,미상,로맨스/로판,9
귀환전생,1~10권,미상,로맨스/로판,10
핑크와 하바네로,1~13권,미상,로맨스/로판,10
얼굴만으론 좋아할 수 없어요,1~15권,미상,로맨스/로판,10
아름다운 초저녁 달,1~10권,미카 야마모리,로맨스/로판,10
올 스탯 9999,1~7권,웹툰 작가,웹툰,22
철종,1~2권,웹툰 작가,웹툰,22
타마의 포상,1~7권,미상,로맨스/로판,10
귀엽다는 말 들은 적 없어!!,1~10권,미상,로맨스/로판,10
향기로운 꽃은 늠름하게 핀다,1~21권,미상,로맨스/로판,10
불가항력의 I LOVE YOU,1~3권,미상,로맨스/로판,10
파이팅 모나코와 소라,1~22권,미상,로맨스/로판,13
아혈의 음양사,1~4권,미상,로맨스/로판,13
지니,1~9권,미상,로맨스/로판,13
식령,1~12권,미상,로맨스/로판,13
청의 엑소시스트,1~29권,미상,로맨스/로판,13
양극의 소년,1~1권,미상,로맨스/로판,13
샤먼킹,1~32권,미상,액션/모험,14
시티 헌터 완전판,1~27권,미상,액션/모험,14
격기 3반,1~10권,미상,액션/모험,14
대사각하의 요리사,1~25권,미상,액션/모험,14
페어리테일,1~63권,히로 마시마,액션/모험,14
페어리 테일 S,1~2권,마시마 히로,판타지/무협,14
결혼해도 똑같네,1~2권,미상,액션/모험,14
결혼해도 똑같네 PLUS,보유,미상,액션/모험,14
괴발개발,보유,미상,액션/모험,14
기타 등등의 연애,보유,미상,액션/모험,14
연금 무뢰한,1~5권,미상,액션/모험,14
타임 슬립 덕후걸,1~4권,미상,액션/모험,14
마나,1~4권,미상,액션/모험,14
SANDA (산다),1~14권,미상,액션/모험,14
록은 숙녀의 소양이기에,1~6권,미상,액션/모험,14
고래별 경성의 인어공주,1~6권,웹툰 작가,웹툰,18
그들에게 사면초가,1~2권,웹툰 작가,웹툰,18
궁에는 개꽃이 산다,1~8권,웹툰 작가,웹툰,18
기춘씨에게도 봄은 오는가,보유,웹툰 작가,웹툰,18
그녀의 심청,1~7권,웹툰 작가,웹툰,18
그녀의 심청 외전,보유,웹툰 작가,웹툰,18
그다이,1~4권,최용성,웹툰,18
그다이 특별편,보유,웹툰 작가,웹툰,18
검은머리 황녀님,1~5권,웹툰 작가,웹툰,18
걸어서 30분,1~4권,이온도,웹툰,18
고독한 미식가,1~2권,웹툰 작가,웹툰,18
"감자도리의 쫄지마, 직딩",보유,웹툰 작가,웹툰,18
"고객님, 이 제품을 사주시겠습니까?",1~2권,웹툰 작가,웹툰,18
계룡 선녀전,1~5권,돌배,웹툰,18
갓 오브 하이스쿨,1~4권,박용제,웹툰,18
고양이 여덟마리와 살았다,보유,웹툰 작가,웹툰,18
고양이 낸시,보유,웹툰 작가,웹툰,18
개의 마음,보유,웹툰 작가,웹툰,18
강풀 영화야 놀자,보유,웹툰 작가,웹툰,18
길 위의 노래 가담항설,1~12권,웹툰 작가,웹툰,18
그녀가 공작저로 가야 했던 사정,1~9권,고래/밀차,웹툰,18
굿 바이 사돈,1~8권,웹툰 작가,웹툰,18
각자의 디데이,1~4권,웹툰 작가,웹툰,18
극한견주,1~4권,웹툰 작가,웹툰,18
금요일,1~2권,배진수,웹툰,18
기기괴괴 - 아프리카에서 생긴 일,보유,웹툰 작가,웹툰,18
기기괴괴 - 저주받은 갤러리,보유,웹툰 작가,웹툰,18
기기괴괴 - 아내의 기억,보유,웹툰 작가,웹툰,18
그 해 여름,1~3권,웹툰 작가,웹툰,18
개를 낳았다,1~7권,웹툰 작가,웹툰,18
고수,1~16권,문정후/류기운,웹툰,18
기기괴괴 - 키베이루의 서재,보유,웹툰 작가,웹툰,18
기기괴괴 - 성형수,보유,웹툰 작가,웹툰,18
극락왕생,1~9권,웹툰 작가,웹툰,18
각시탈,보유,웹툰 작가,웹툰,18
곱게 자란 자식,1~9권,이무기,웹툰,18
그대를 사랑합니다,1~3권,강풀,웹툰,18
계약우정,1~3권,웹툰 작가,웹툰,18
과격자매단,1~2권,웹툰 작가,웹툰,18
교류자,보유,웹툰 작가,웹툰,18
껍데기,1~3권,웹툰 작가,웹툰,18
내 어머니 이야기,1~4권,웹툰 작가,웹툰,18
노곤하개,1~11권,홍끼,웹툰,18
네크로맨서,1~2권,웹툰 작가,웹툰,18
내 ID는 강남미인,1~5권,기맹기,웹툰,18
나의 빛나는 세계,1~3권,웹툰 작가,웹툰,18
남과 여,1~7권,시니/혀노,웹툰,18
낮에 뜨는 달,1~5권,헤윰,웹툰,18
냄새를 보는 소녀,1~2권,웹툰 작가,웹툰,18
나의 마녀,1~4권,해윤,웹툰,18
내일은 결혼,보유,웹툰 작가,웹툰,18
내 남자친구에게,1~2권,웹툰 작가,웹툰,18
나빌레라,1~5권,HUN,웹툰,18
노크 필수,1~2권,웹툰 작가,웹툰,18
나쁜 상사,1~4권,네온비,웹툰,18
남자친구를 조심해,1~3권,이네,웹툰,18
내 남편과 결혼해줘,1~7권,LICO/성소작,웹툰,18
내부자들,보유,웹툰 작가,웹툰,18
냐한 남자,1~5권,웹툰 작가,웹툰,18
내가 죽기로 결심한 것은,1~7권,웹툰 작가,웹툰,18
너의 HEART를 나에게 줄래?,1~5권,웹툰 작가,웹툰,18
노동본색,1~2권,웹툰 작가,웹툰,18
나의 남자 사람 친구,1~2권,웹툰 작가,웹툰,18
나 혼자만 레벨 업,1~15권,장성락/추공,웹툰,18
날 것,1~6권,로하,웹툰,18
놓지마 정신줄!!,1~22권,신태훈/나승훈,웹툰,18
내가 안했어요,1~5권,웹툰 작가,웹툰,18
내 어린 고양이와 늙은 개,1~3권,웹툰 작가,웹툰,18
낢이 사는 이야기,1~4권,웹툰 작가,웹툰,18
내일,1~20권,웹툰 작가,웹툰,18
나이트런,1~2권,웹툰 작가,웹툰,18
노량진 군주론,보유,웹툰 작가,웹툰,18
녹두전,1~5권,혜진양,웹툰,18
당신의 모든 순간,1~4권,강풀,웹툰,18
단지,보유,웹툰 작가,웹툰,18
도둑맞은 책,1~3권,웹툰 작가,웹툰,18
도시소녀 귀농기,1~2권,웹툰 작가,웹툰,18
둥굴레차!,1~4권,웹툰 작가,웹툰,18
당신은 거기 있었다,1~2권,웹툰 작가,웹툰,18
다정한 겨울,1~2권,웹툰 작가,웹툰,18
D.P,1~4권,김보통,웹툰,18
달이 속삭이는 이야기,1~2권,웹툰 작가,웹툰,18
덴마,1~19권,양영순,웹툰,18
독고,1~6권,"민, 백승원",웹툰,18
독고 리와인드,1~7권,"민, 백승원",웹툰,18
독고2,1~5권,"민, 백승원",웹툰,18
수상한 그녀의 밥상,1~2권,웹툰 작가,웹툰,18
도굴왕,1~12권,웹툰 작가,웹툰,18
닥터 프로스트,1~17권,웹툰 작가,웹툰,18
두근두근 두근거려,1~3권,하일권,웹툰,18
달댕이는 10년차,1~2권,웹툰 작가,웹툰,18
도레미파솔라시도,1~2권,웹툰 작가,웹툰,18
더 파이브,1~5권,웹툰 작가,웹툰,18
독신으로 살겠다,1~5권,웹툰 작가,웹툰,18
다이어터,1~3권,웹툰 작가,웹툰,18
떨림,1~5권,웹툰 작가,웹툰,18
달고나 일기,1~4권,웹툰 작가,웹툰,18
던전에서 치킨 냄새가 나요,보유,웹툰 작가,웹툰,18
독립일기,1~3권,자까,웹툰,18
대학일기,1~5권,자까,웹툰,18
롱리브더킹 1부,1~5권,웹툰 작가,웹툰,19
롱리브더킹 2부,1~9권,웹툰 작가,웹툰,19
롱리브더킹 3부,1~10권,웹툰 작가,웹툰,19
롱리브더킹 4부,1~8권,웹툰 작가,웹툰,19
로렌스를 구해줘,1~3권,웹툰 작가,웹툰,19
라스트,1~3권,웹툰 작가,웹툰,19
김비서가 왜그럴까,1~6권,김명미,웹툰,19
로맨스는 없다,1~3권,웹툰 작가,웹툰,19
멍멍냠냠,1~2권,웹툰 작가,웹툰,19
마니마니,보유,웹툰 작가,웹툰,19
마녀,1~4권,강풀,웹툰,19
마음의 소리,1~16권,웹툰 작가,웹툰,19
타이밍,1~3권,강풀,웹툰,19
무빙,1~5권,강풀,웹툰,19
미생,1~21권,웹툰 작가,웹툰,19
묘진천,1~4권,웹툰 작가,웹툰,19
묘하다,보유,웹툰 작가,웹툰,19
멀리서 보면 푸른 봄,1~3권,웹툰 작가,웹툰,19
매의 검,1~10권,웹툰 작가,웹툰,19
먹는 존재 1부,1~3권,웹툰 작가,웹툰,19
먹는 존재 2부,1~4권,웹툰 작가,웹툰,19
마루의 사실,1~3권,웹툰 작가,웹툰,19
마루의 사실 2부,보유,웹툰 작가,웹툰,19
메모리스트,1~6권,웹툰 작가,웹툰,19
마른 가지에 바람처럼,1~13권,웹툰 작가,웹툰,19
마음의 숙제,보유,웹툰 작가,웹툰,19
마조 앤 새디,1~4권,웹툰 작가,웹툰,19
모럴 센스,1~4권,겨울,웹툰,19
말할 수 없는 남매,1~11권,웹툰 작가,웹툰,19
미쓰리즘,1~2권,웹툰 작가,웹툰,19
마녀사냥,보유,웹툰 작가,웹툰,19
미스터 김치,1~3권,웹툰 작가,웹툰,19
모스키토 신드롬,1~1권,웹툰 작가,웹툰,19
미결,1~3권,웹툰 작가,웹툰,19
무대리,1~3권,웹툰 작가,웹툰,19
모두에게 완자가,1~2권,웹툰 작가,웹툰,19
맘마미안,1~4권,웹툰 작가,웹툰,19
버림받은 황비,1~9권,정유나/인아,웹툰,19
남주의 첫날밤을 가져 버렸다,1~3권,웹툰 작가,웹툰,19
병의 맛,1~3권,웹툰 작가,웹툰,19
바람의 화원,1~2권,웹툰 작가,웹툰,19
블루 윙,보유,웹툰 작가,웹툰,19
뽀짜툰,1~7권,채유리,웹툰,19
빵 굽는 고양이,보유,웹툰 작가,웹툰,19
본격 제 2차세계대전 만화,1~2권,웹툰 작가,웹툰,19
본격 한중일 세계사,1~9권,웹툰 작가,웹툰,19
부딪치다,1~8권,웹툰 작가,웹툰,19
바스키,1~2권,웹툰 작가,웹툰,19
소녀의 세계,1~9권,모랑지,웹툰,20
소녀샵,1~2권,웹툰 작가,웹툰,20
시간의 계단,1~7권,제뉴,웹툰,20
삼십살,보유,웹툰 작가,웹툰,20
여탕보고서,1~2권,웹툰 작가,웹툰,20
소녀재판,1~2권,웹툰 작가,웹툰,20
상상 고양이,1~2권,웹툰 작가,웹툰,20
스피릿 핑거스,1~13권,한경찰,웹툰,20
스틸레인,1~2권,웹툰 작가,웹툰,20
쓸개,1~3권,웹툰 작가,웹툰,20
샴,1~3권,웹툰 작가,웹툰,20
신비,1~3권,반지,웹툰,20
십이야,1~8권,무류,웹툰,20
슬프게도 이게 내 인생,1~5권,웹툰 작가,웹툰,20
스튜디오 짭쪼롬,1~4권,웹툰 작가,웹툰,20
시크릿 가족,보유,웹툰 작가,웹툰,20
스위트 홈,1~12권,김칸비,웹툰,20
340일간의 유예,1~3권,미치,웹툰,20
썸툰,1~2권,웹툰 작가,웹툰,20
세계사 톡,1~2권,웹툰 작가,웹툰,20
숲속의 담,1~4권,웹툰 작가,웹툰,20
샬롯에게는 다섯명의 개가 있다,1~2권,웹툰 작가,웹툰,20
순정말고 순종,1~4권,웹툰 작가,웹툰,20
선천적 얼간이들,1~4권,가스파드,웹툰,20
영원한 계약,1~2권,웹툰 작가,웹툰,20
소녀 신선,1~3권,효미,웹툰,20
싸움 독학,1~9권,웹툰 작가,웹툰,20
오렌지 마말레이드,1~8권,웹툰 작가,웹툰,20
어느 날 공주가 되어버렸다,1~9권,"스푼, 플루토스",웹툰,20
이방인,1~6권,웹툰 작가,웹툰,20
이끼,1~5권,윤태호,웹툰,20
오늘도 형제는 평화롭다,1~2권,웹툰 작가,웹툰,20
N번째 연애 1부,1~2권,웹툰 작가,웹툰,20
N번째 연애 2부,1~2권,웹툰 작가,웹툰,20
N번째 연애 3부,1~2권,웹툰 작가,웹툰,20
입시 명문 사립 정글 고등학교,1~6권,웹툰 작가,웹툰,20
어게인,1~3권,웹툰 작가,웹툰,20
우리집에 왜 왔니,1~5권,웹툰 작가,웹툰,20
연목구애,1~3권,웹툰 작가,웹툰,20
26년,1~3권,강풀,웹툰,20
이웃사람,1~3권,웹툰 작가,웹툰,20
오리진,1~3권,웹툰 작가,웹툰,20
일사부재리,보유,웹툰 작가,웹툰,20
악마와 계약 연애,1~8권,장진/움비,웹툰,20
아기 낳는 만화,보유,웹툰 작가,웹툰,20
악녀가 사랑할 때,1~9권,서귀조/대치동건물주,웹툰,20
어쩌다 발견한 7월,1~10권,무류,웹툰,20
악당의 아빠를 꼬셔라,1~11권,웹툰 작가,웹툰,20
악당 대공님의 귀하디 귀한 여동생,1~7권,웹툰 작가,웹툰,20
오늘 점심 뭐 먹지?,보유,웹툰 작가,웹툰,20
우리사이느은,1~5권,이연지,웹툰,20
악녀를 죽여 줘,1~4권,웹툰 작가,웹툰,20
아르마,1~5권,웹툰 작가,웹툰,20
어서와,1~3권,고아라 외,웹툰,20
우리 학교 김 선생님,1~2권,웹툰 작가,웹툰,20
애늙은이,1~6권,웹툰 작가,웹툰,20
유미의 세포들,1~13권,이동건,웹툰,20
유부녀의 탄생 1부,1~2권,웹툰 작가,웹툰,20
유부녀의 탄생 2부,1~2권,웹툰 작가,웹툰,20
아파트,1~2권,강풀,웹툰,20
이번 생은 가주가 되겠습니다 1부,1~4권,웹툰 작가,웹툰,20
이번 생은 가주가 되겠습니다 2부,1~6권,웹툰 작가,웹툰,20
아쿠아맨,1~10권,맥퀸스튜디오,웹툰,20
외모지상주의,1~20권,박태준,웹툰,20
은밀하게 위대하게,1~2권,웹툰 작가,웹툰,20
은밀하게 위대하게 유일하게 season 2,1~1권,웹툰 작가,웹툰,20
은밀하게 위대하게 슬럼버,보유,웹툰 작가,웹툰,20
우리 집 고양이가 또 이상한 짓을 해,1~7권,웹툰 작가,웹툰,20
일쌍다반사,1~2권,강풀,웹툰,20
우리집 우렁이는,1~6권,웹툰 작가,웹툰,20
윌유메리미,1~3권,웹툰 작가,웹툰,20
여름 소년,1~2권,웹툰 작가,웹툰,20
오늘도 사랑스럽개,1~9권,이혜,웹툰,20
오늘도 사랑스럽개 외전,보유,웹툰 작가,웹툰,20
이태원 클라쓰,1~8권,웹툰 작가,웹툰,20
악역의 엔딩은 죽음 뿐,1~9권,웹툰 작가,웹툰,20
오늘도 핸드메이드,1~2권,웹툰 작가,웹툰,20
와라! 편의점,1~2권,웹툰 작가,웹툰,20
이두나!,1~11권,웹툰 작가,웹툰,20
"연, 분홍",1~2권,웹툰 작가,웹툰,20
엄마가 되었습니다,1~2권,웹툰 작가,웹툰,20
양의 사수,1~4권,웹툰 작가,웹툰,20
언럭키 맨션,1~4권,웹툰 작가,웹툰,20
은주의 방,1~3권,웹툰 작가,웹툰,20
여신 강림,1~19권,야옹이,웹툰,20
이말년 서유기,보유,웹툰 작가,웹툰,20
이말년 씨리즈,1~2권,웹툰 작가,웹툰,20
연놈,1~20권,상하,웹툰,20
연애혁명,1~38권,232,웹툰,21
이것도 연애,보유,웹툰 작가,웹툰,21
인터뷰,보유,웹툰 작가,웹툰,21
어화둥둥 내 보르미,1~10권,웹툰 작가,웹툰,21
안녕 외롭고 수상한 가게,1~2권,웹툰 작가,웹툰,21
여자 만화 구두,1~4권,웹툰 작가,웹툰,21
이런 영웅은 싫어,1~27권,삼촌,웹툰,21
아가미,보유,웹툰 작가,웹툰,21
용이 산다,1~2권,웹툰 작가,웹툰,21
윈터우즈,1~7권,COSMOS 외,웹툰,21
아는 사람 이야기,1~4권,웹툰 작가,웹툰,21
연의 편지,보유,웹툰 작가,웹툰,21
27 - 10,1~2권,웹툰 작가,웹툰,21
인소의 법칙,1~7권,아현,웹툰,21
1인용 기분,1~3권,웹툰 작가,웹툰,21
이상적인 관계,1~2권,웹툰 작가,웹툰,21
인천 상륙 작전,1~6권,웹툰 작가,웹툰,21
악마와 계약연애,1~8권,장진/움비,웹툰,21
야채호빵의 봄 방학,1~4권,웹툰 작가,웹툰,21
옥탑빵,1~4권,웹툰 작가,웹툰,21
와라 편의점,1~7권,웹툰 작가,웹툰,21
오무라이스 잼잼,1~14권,조경규,웹툰,21
우세모노 여관,1~3권,웹툰 작가,웹툰,21
악녀를 죽여줘,1~4권,웹툰 작가,웹툰,21
윈드브레이커,1~23권,조용석,웹툰,21
원수를 사랑하라,1~18권,한유랑,웹툰,21
여혜,1~6권,비나리,웹툰,21
우연일까?,1~3권,웹툰 작가,웹툰,21
아마게돈,1~8권,웹툰 작가,웹툰,21
영수의 봄,1~2권,웹툰 작가,웹툰,21
약한 영웅,1~8권,김진석,웹툰,21
우리집에 사는 남자,1~3권,웹툰 작가,웹툰,21
아델라이드,1~3권,웹툰 작가,웹툰,21
아만자,1~5권,웹툰 작가,웹툰,21
아이들의 권 선생님,1~6권,웹툰 작가,웹툰,21
아름다운 선,1~3권,웹툰 작가,웹툰,21
아주 굉장한 밴드,보유,웹툰 작가,웹툰,21
완벽한 허니문,1~2권,웹툰 작가,웹툰,21
은근 짜릿해,보유,웹툰 작가,웹툰,21
아이템,1~3권,웹툰 작가,웹툰,21
좋은 남자,1~3권,웹툰 작가,웹툰,21
죽어도 숨은 쉰다,1~3권,웹툰 작가,웹툰,21
장씨세가 호위무사,보유,웹툰 작가,웹툰,21
자유를 찾아서 시리즈,1~3권,웹툰 작가,웹툰,21
조명가게,1~3권,강풀,웹툰,21
정신병동에도 아침이 와요,보유,이라하,웹툰,21
종의 기원,보유,개미,웹툰,21
지킬박사는 하이드씨,1~3권,웹툰 작가,웹툰,21
지옥,1~2권,연상호/최규석,웹툰,21
조숙의 맛,보유,웹툰 작가,웹툰,21
조이라이드,보유,웹툰 작가,웹툰,21
저녁 같이 드실래요,1~3권,웹툰 작가,웹툰,21
죽음에 관하여,1~3권,웹툰 작가,웹툰,21
중증 외상 센터 골든 아워,1~11권,한산이가/홍비치라,웹툰,21
재혼황후,1~9권,알파타르트/숨풀,웹툰,21
진눈깨비 소년,1~9권,웹툰 작가,웹툰,21
죽어도 좋아,1~3권,웹툰 작가,웹툰,21
전지적 독자 시점,1~18권,슬리피,웹툰,21
재벌집 막내 아들,1~5권,웹툰 작가,웹툰,21
좋아하면 울리는,1~7권,천계영,웹툰,21
지구와 사람과 동물,보유,웹툰 작가,웹툰,21
전자오락 수호대,1~3권,웹툰 작가,웹툰,21
조선왕조실톡,1~7권,무적핑크,웹툰,21
짬,1~2권,웹툰 작가,웹툰,21
주님과 나,1~2권,웹툰 작가,웹툰,21
치즈 인 더 트랩,1~34권,웹툰 작가,웹툰,21
창백한 말,1~3권,웹툰 작가,웹툰,21
청소부 K,1~5권,신진우,웹툰,21
창백한 손의 온기,보유,웹툰 작가,웹툰,21
청춘 로맨스,1~6권,미울,웹툰,21
총수,1~18권,웹툰 작가,웹툰,21
천개의 꽃입,1~4권,웹툰 작가,웹툰,21
총몇명 스토리,1~3권,웹툰 작가,웹툰,21
지토툰,보유,웹툰 작가,웹툰,21
어쿠스틱라이프,1~14권,난다,웹툰,21
아티스트,1~2권,웹툰 작가,웹툰,21
인어를 위한 수영교실,1~3권,웹툰 작가,웹툰,21
아이고,1~3권,웹툰 작가,웹툰,21
양말 도깨비 1부,1~2권,웹툰 작가,웹툰,21
양말 도깨비 2부,1~2권,웹툰 작가,웹툰,21
양말 도깨비 3부,1~2권,웹툰 작가,웹툰,21
양말 도깨비 외전,보유,웹툰 작가,웹툰,21
위 아더 좀비,1~9권,웹툰 작가,웹툰,21
아랫집 시누이,보유,웹툰 작가,웹툰,21
1초,1~5권,웹툰 작가,웹툰,21
이미테이션,1~12권,웹툰 작가,웹툰,21
여중생 A,1~5권,허5파6,웹툰,21
크리스토퍼 베하인,보유,웹툰 작가,웹툰,22
커피도둑,1~3권,웹툰 작가,웹툰,22
커피와 스무디,1~2권,웹툰 작가,웹툰,22
킹스 메이커,1~7권,웹툰 작가,웹툰,22
카페 보문을 부탁해요,1~2권,웹툰 작가,웹툰,22
큐브릭,1~3권,웹툰 작가,웹툰,22
크리스마스는 쨈과 함께,1~3권,웹툰 작가,웹툰,22
투명한 동거,1~3권,웹툰 작가,웹툰,22
타임 인 조선,1~4권,웹툰 작가,웹툰,22
TEN,1~4권,웹툰 작가,웹툰,22
지독하게 끌어안고 지독하게 키스하고,1~10권,웹툰 작가,웹툰,22
통,1~10권,민,액션/모험,22
투명살인,1~2권,웹툰 작가,웹툰,22
탈모왕 이마반,보유,웹툰 작가,웹툰,22
타인은 지옥이다,1~3권,김용키,웹툰,22
플라스틱 걸,1~2권,웹툰 작가,웹툰,22
패션왕,1~2권,웹툰 작가,웹툰,22
플로우,1~6권,웹툰 작가,웹툰,22
카드 캡터 사쿠라,1~15권,웹툰 작가,웹툰,22
캐릭 캐릭 체인지,1~12권,-,로맨스/로판,22
표류교실,1~3권,웹툰 작가,웹툰,22
플랫 다이어리,1~2권,웹툰 작가,웹툰,22
핑크레이디,1~4권,웹툰 작가,웹툰,22
마리히엔,1~4권,웹툰 작가,웹툰,22
풀 뜯어먹는 소리,1~2권,웹툰 작가,웹툰,22
PTSD,1~2권,웹툰 작가,웹툰,22
픽셀 오브 라이프,1~4권,웹툰 작가,웹툰,22
폴,1~3권,후지사와 토오루,일상/개그,22
파인,1~4권,윤태호,웹툰,22
프릭,1~4권,웹툰 작가,웹툰,22
프린스의 왕자,1~3권,웹툰 작가,웹툰,22
헬퍼,1~18권,웹툰 작가,웹툰,22
화장지워주는 남자,1~7권,이연,웹툰,22
환생동물학교,1~3권,웹툰 작가,웹툰,22
환골탈태,1~2권,웹툰 작가,웹툰,22
해치지 않아,1~2권,웹툰 작가,웹툰,22
호랑이 형님,1~13권,웹툰 작가,웹툰,22
황제와 여기사,1~8권,웹툰 작가,웹툰,22
후레자식,1~5권,김칸비,웹툰,22
헤어진 다음 날 달리기,보유,웹툰 작가,웹툰,22
황제의 외동딸,1~14권,윤슬,웹툰,22
흰둥이,1~2권,웹툰 작가,웹툰,22
화우요,1~5권,웹툰 작가,웹툰,22
하루만 네가 되고 싶어,1~7권,삼,웹툰,22
홍차 리브레,1~2권,웹툰 작가,웹툰,22
HO!,1~3권,웹툰 작가,웹툰,22
하루꾼,1~5권,웹툰 작가,웹툰,22
화산귀환,1~12권,비가,웹툰,22
힙합 몬스터,보유,우라사와 나오키,스릴러/추리/호러,22
식객,1~27권,허영만,드라마/스포츠/SF,22
식객 팔도를 간다,1~7권,웹툰 작가,웹툰,22
식객 2,1~3권,허영만,드라마/스포츠/SF,22
꼴,1~9권,웹툰 작가,웹툰,22
허영만의 커피 한 잔 할까요,1~8권,웹툰 작가,웹툰,22
허허 동의 보감,1~2권,웹툰 작가,웹툰,22
허영만의 3천만원,1~4권,웹툰 작가,웹툰,22
말에서 내리지 않는 무사,1~8권,웹툰 작가,웹툰,22
굿모닝 티처,1~4권,웹툰 작가,웹툰,22
블러드 레인,1~5권,민,액션/모험,22
바람의 나라,1~4권,웹툰 작가,웹툰,22
발자국이 녹기 전에,1~2권,웹툰 작가,웹툰,22
밤의 친구들,1~2권,웹툰 작가,웹툰,22
북검전기,1~3권,웹툰 작가,웹툰,22
방과후 전쟁활동,1~5권,하일권,웹툰,22
별똥별이 떨어지는 그 곳에서 기다려,1~2권,웹툰 작가,웹툰,22
붉은 여우,1~7권,하마,웹툰,22
브릿지,1~5권,강풀,웹툰,22
부암도 복수자 소셜클럽,1~6권,웹툰 작가,웹툰,22
버진하우스,1~2권,웹툰 작가,웹툰,22
바로잡는 순애보,보유,웹툰 작가,웹툰,22
바른연애 길잡이,1~11권,남수,웹툰,22
불순한 동거동락,1~2권,웹툰 작가,웹툰,22
바보,1~2권,강풀,웹툰,22
바리공주,보유,웹툰 작가,웹툰,22
밥 먹고 갈래요,1~6권,웹툰 작가,웹툰,22
빙탕후루,1~9권,장희/주호민,웹툰,22
부농코 말랑 젤리,보유,웹툰 작가,웹툰,22
신의 탑,1~16권,SIU,웹툰,22
심연의 하늘,1~10권,윤인완,웹툰,22
켄짱과 고양이,보유,웹툰 작가,웹툰,22
신기록,1~7권,웹툰 작가,웹툰,22
식물생활,1~2권,웹툰 작가,웹툰,22
성공한 덕후,1~2권,-,웹툰,22
시동,1~4권,조금산,웹툰,22
샤크,1~9권,운,액션/모험,22
삼봉이발소,1~3권,웹툰 작가,웹툰,22
술꾼 도시 처녀들,1~3권,미깡,웹툰,22
송곳,1~6권,최규석,웹툰,22
사람 냄새,보유,웹툰 작가,웹툰,22
강풀 순정만화,1~2권,웹툰 작가,웹툰,22
신사의 집,1~2권,웹툰 작가,웹툰,22
사람일까?,1~4권,웹툰 작가,웹툰,22
썸머 브리즈,보유,웹툰 작가,웹툰,22
쌍갑포차,1~20권,배혜수,웹툰,22
시녀로 살아남기,1~6권,웹툰 작가,웹툰,22
시월드가 내게 집착한다,1~3권,웹툰 작가,웹툰,22
신과 함께 저승편,1~3권,웹툰 작가,웹툰,22
신과 함께 이승편,1~2권,주호민,웹툰,22
신과 함께 신화편,1~3권,주호민,웹툰,22
신과함께 리메이크,1~4권,웹툰 작가,웹툰,22
슈퍼시크릿,1~4권,웹툰 작가,웹툰,22
역사 도둑,1~6권,미상,일상/개그,23
보물섬,1~9권,미상,일상/개그,23
메이플스토리 영어 도둑,1~7권,미상,일상/개그,23
메이플스토리 한자 도둑,1~27권,미상,일상/개그,23
메이플스토리 과학 도둑,1~11권,미상,일상/개그,23
메이플스토리 파이팅 논술,1~3권,미상,일상/개그,23
설민석의 한국사 대모험,1~25권,미상,일상/개그,23
정재승의 인간탐구보고서,보유,미상,일상/개그,23
반지의 비밀일기,보유,미상,일상/개그,23
백종원의 도전 요리왕,보유,미상,일상/개그,23
코믹 메이플스토리,1~100권,미상,일상/개그,23
마법천자문 과학원정대,1~11권,미상,일상/개그,23
원조 괴짜가족,1~28권,미상,일상/개그,23
언제나 원조 괴짜가족,1~24권,미상,일상/개그,23
베스트 원조 괴짜가족,1~9권,미상,일상/개그,23
장하다 원조 괴짜가족,1~11권,미상,일상/개그,23
괴짜가족,1~10권,켄지 하마오카,일상/개그,23
그녀가 너무 귀여워서 뺏을 수 없어,1~8권,미상,로맨스/로판,25
가짜 커플,1~11권,미상,로맨스/로판,25
바로크,1~6권,미상,로맨스/로판,25
첫사랑에 키스,1~2권,미상,로맨스/로판,25
네 곁에서 청춘중,1~8권,미상,로맨스/로판,25
웃는 카노코씨,1~3권,미상,로맨스/로판,25
친애하는 A양을 위한 미스터리,1~3권,미상,로맨스/로판,25
도시전설,1~9권,미상,로맨스/로판,25
밤비노,1~15권,미상,로맨스/로판,25
플랫,1~8권,미상,로맨스/로판,25
스트롭에지,1~10권,사키사카 이오,로맨스/로판,25
고교데뷔,1~15권,미상,로맨스/로판,25
나와 너 둘이 무지개가 되다,1~5권,미상,로맨스/로판,25
"사랑하고, 사랑받고, 차고, 차이고",1~12권,이오 사키사카,로맨스/로판,25
사랑하는 고슴도치,1~5권,미상,로맨스/로판,25
용이 피우는 꽃,1~7권,미상,로맨스/로판,25
학원 앨리스,1~31권,미상,로맨스/로판,25
최애가 우리집에 왔다!,1~7권,미상,로맨스/로판,25
너는 펫 ♡,1~14권,야요이 오가와,로맨스/로판,25
너는 펫 ♥ 완전판,1~9권,미상,로맨스/로판,25
마스카라 블루스,보유,이오 사키사카,로맨스/로판,25
미약카페,1~7권,미상,로맨스/로판,25
푸드 코디네이터 마녀의 레시피,1~5권,미상,로맨스/로판,25
씽크어택,1~3권,미상,로맨스/로판,25
로도스도전기,1~3권,미상,로맨스/로판,25
샹파뉴,1~2권,미상,로맨스/로판,25
꿀벌의 키스,1~2권,미상,로맨스/로판,25
거짓말풀이 수사학,1~10권,미상,로맨스/로판,25
소말리와 숲의 신,1~6권,미상,로맨스/로판,25
지젤 알랭,1~5권,미상,로맨스/로판,25
마도정병의 슬레이브,1~15권,미상,로맨스/로판,25
세스타스,1~15권,미상,로맨스/로판,25
한낮의 유성,1~12권,미상,로맨스/로판,25
한낮의 유성 외전,보유,미상,로맨스/로판,25
수상한 스캔들,1~5권,미상,로맨스/로판,25
꿈꾸는 고도,보유,미상,로맨스/로판,25
브래드 할리의 마차,보유,미상,로맨스/로판,25
아침이 또 오니까,보유,미상,로맨스/로판,25
학원 베이비시터즈,1~24권,미상,로맨스/로판,25
오늘의 키라군,1~9권,미상,로맨스/로판,25
P와 여고생,1~16권,마키 미요시,로맨스/로판,25
사랑한다고 말해도 좋아,1~5권,미상,로맨스/로판,25
클로스로드,1~10권,미상,로맨스/로판,25
papa told me,1~24권,미상,로맨스/로판,25
둘째 공주님 이야기,보유,미상,로맨스/로판,25
Loveletter from…,보유,미상,로맨스/로판,25
그녀는 거짓말을 너무 사랑해,1~22권,오가사와라 아키,로맨스/로판,25
절대 평화 대작전,1~4권,미상,로맨스/로판,25
부탁해요 마스터,1~3권,미상,로맨스/로판,25
에도로 가자!,1~6권,미상,로맨스/로판,25
시집가긴 다 틀렸어!,1~5권,후지와라 키요,로맨스/로판,25
인형궁정악단,1~5권,미상,로맨스/로판,25
첫사랑 X 어게인,1~7권,미상,로맨스/로판,25
초콜릿 뱀파이어,1~4권,미상,로맨스/로판,25
컴온 어 마이하우스!,1~6권,미상,로맨스/로판,25
블루,1~8권,카네시로 무네유키/노무라 유스케,드라마/스포츠/SF,25
가극 나라의 앨리스,1~3권,미상,로맨스/로판,25
그래도 네가,1~3권,미상,로맨스/로판,25
스트레인지 드래곤,1~3권,미상,로맨스/로판,25
빠져드는 한숨에 달콤한 키스,1~5권,미상,로맨스/로판,25
메종일각,1~15권,타카하시 루미코,로맨스/로판,25
달빛천사,1~7권,미상,로맨스/로판,25
천사 1/2 방정식,1~11권,미상,로맨스/로판,25
우리는 공부를 못해,1~21권,미상,로맨스/로판,25
해피 아이스크림,1~3권,미상,로맨스/로판,25
흑백작은 별을 사랑한다,1~12권,미상,로맨스/로판,25
새키레이,1~19권,미상,로맨스/로판,25
리젤로테와 마녀의 숲,1~4권,미상,로맨스/로판,25
크랙 하운드,보유,미상,로맨스/로판,25
마치과 의사 하나,보유,미상,로맨스/로판,25
무적 특수교,1~2권,미상,로맨스/로판,25
그 남자의 취향,1~3권,미상,로맨스/로판,25
전부 잊었다,1~2권,미상,로맨스/로판,25
바실리스크,1~5권,미상,로맨스/로판,25
먹고 자는 두 사람 함께 사는 두 사람,1~5권,미상,로맨스/로판,25
먹고 자는 두 사람 함께 사는 두 사람 속편,1~2권,미상,로맨스/로판,25
엔도 타츠야 단편집,보유,미상,로맨스/로판,25
밤비의 편지,보유,미상,로맨스/로판,25
혼,보유,휴우가 나츠,일반도서/소설,25
역전 허니,보유,미상,로맨스/로판,25
라이프 다이렉터,보유,미상,로맨스/로판,25
프리 X 프리,1~2권,미상,로맨스/로판,25
나 어릴 적에,보유,미상,로맨스/로판,25
워닝,보유,미상,로맨스/로판,25
사랑하는 금붕어,보유,미상,로맨스/로판,25
공주님 식 사족 계혹,보유,미상,로맨스/로판,25
차장 하나부사씨,보유,미야코 리츠,로맨스/로판,25
악마와 러브송,1~13권,미상,로맨스/로판,26
꽃과 악마,1~10권,미상,로맨스/로판,26
핑크빛 천국!,1~11권,미상,로맨스/로판,26
잠자는 공주,1~3권,미상,로맨스/로판,26
하트나라의 앨리스,1~6권,호시노 소우메이,로맨스/로판,26
하늘색 해안,1~6권,미상,로맨스/로판,26
빨강 머리 백설공주,1~25권,아키즈키 소라타,로맨스/로판,26
내 여친은 최고입니다!,1~6권,미상,로맨스/로판,26
치하야 양은 그대로가 좋아,1~4권,미상,로맨스/로판,26
화문소녀,1~2권,미상,로맨스/로판,26
불가사의한 마리아군,1~2권,미상,로맨스/로판,26
공주님의 조건,1~8권,미상,로맨스/로판,26
오늘은 회사 쉬겠습니다.,1~13권,후지무라 마리,로맨스/로판,26
생활의 샘,보유,미상,로맨스/로판,26
오타쿠의 따님,1~11권,미상,로맨스/로판,26
황제의 보물,1~7권,미상,로맨스/로판,26
우울한 아침,1~8권,미상,로맨스/로판,26
평범한 코이코 짱,1~14권,미상,로맨스/로판,26
오빠 친구,1~10권,미상,로맨스/로판,26
너와나17,보유,미상,로맨스/로판,26
코스프레 형사,1~6권,미상,로맨스/로판,26
나츠메 우인장,1~32권,미도리카와 유키,로맨스/로판,26
현미 선생의 도시락,1~10권,미상,로맨스/로판,26
소울이터 낫!,1~5권,오쿠보 아츠시,액션/모험,26
연애지상주의,1~8권,미상,로맨스/로판,26
순수시대,1~2권,미상,로맨스/로판,26
신의 아이,1~8권,미상,로맨스/로판,26
붉은 양의 각인,1~2권,미상,로맨스/로판,26
잊혀진 줄리엣,보유,미상,로맨스/로판,26
소년이 부화하는 소리,보유,미상,로맨스/로판,26
카프카,보유,미상,로맨스/로판,26
IS 아이에스,1~17권,미상,로맨스/로판,26
그래서 나는 안티팬과 결혼했다,1~4권,미상,로맨스/로판,26
스위트 걸,1~3권,미상,로맨스/로판,26
학교 호텔,1~2권,미상,로맨스/로판,26
히구마,1~3권,미상,로맨스/로판,26
바보 사랑 이야기,1~5권,미상,로맨스/로판,26
록킨 헤븐,1~8권,미상,로맨스/로판,26
장국의 알타이르,1~12권,미상,로맨스/로판,26
사랑한다고 말해,1~16권,미상,로맨스/로판,26
우리 포치가 말하길,1~8권,미상,로맨스/로판,26
크롬 리에커,1~4권,미상,로맨스/로판,26
백금신사 클럽,1~3권,미상,로맨스/로판,26
연공,1~10권,미상,로맨스/로판,26
파르페틱,1~22권,미상,로맨스/로판,26
블랙아웃,1~4권,미상,로맨스/로판,26
뇌쇄 ROCK 소년,1~2권,미상,로맨스/로판,26
갇힌 네르갈,1~7권,미상,로맨스/로판,26
라즈 머리디언,1~6권,미상,로맨스/로판,26
러브 몬스터,1~12권,우라사와 나오키,스릴러/추리/호러,26
손끝에서 로맨스,1~9권,미상,로맨스/로판,26
내게로 와,1~2권,미상,로맨스/로판,26
시작의 상자,보유,미상,로맨스/로판,26
키스 허그,1~3권,미상,로맨스/로판,26
팔견전,1~13권,미상,로맨스/로판,26
남학교,1~8권,미상,로맨스/로판,26
M구역의 주민,1~4권,미상,로맨스/로판,26
라이프 쏘 해피,1~3권,미상,로맨스/로판,26
매리지 퍼플,1~6권,미상,로맨스/로판,26
우리들의 비밀 사정,1~6권,미상,로맨스/로판,26
메르헨 프린스,1~4권,미상,로맨스/로판,26
물방울 허니 보이,1~10권,미상,로맨스/로판,26
지옥소녀,1~9권,미상,로맨스/로판,26
주문 배달의 왕자님,1~7권,미상,로맨스/로판,26
우리 시작은 결혼?!,1~5권,미상,로맨스/로판,26
피스,1~10권,아시하라 히나코,로맨스/로판,26
프리징,1~14권,미상,로맨스/로판,26
월광천녀,1~27권,미상,로맨스/로판,26
호랑이와 늑대,1~6권,미상,로맨스/로판,26
은빛 숟가락,1~17권,미상,로맨스/로판,26
백설공주와 일곱명의 아이들,1~2권,미상,로맨스/로판,26
메이드 인 허니,1~6권,미상,로맨스/로판,26
풀솜나물,1~8권,미상,로맨스/로판,26
별은 노래한다,1~11권,미상,로맨스/로판,26
본좌 티처,1~29권,미상,로맨스/로판,27
사립 마녀 고등학교,1~3권,미상,로맨스/로판,27
우국의 모리아티,1~19권,미상,로맨스/로판,27
코미 양은 커뮤증입니다,1~29권,미상,로맨스/로판,27
회장님은 메이드 사마!,1~18권,후지와라 히로,로맨스/로판,27
소년소녀 로맨스,1~3권,미상,로맨스/로판,27
맨발로 장미를 밟아라,1~9권,미상,로맨스/로판,27
러브 팬텀,1~12권,미상,로맨스/로판,27
매일 나비11,보유,미상,로맨스/로판,27
러브 더비,1~5권,미상,로맨스/로판,27
나의 짐승남,1~9권,차경희,로맨스/로판,27
어떤 허언 나의 비밀,1~3권,미상,로맨스/로판,27
옆자리 괴물군,1~13권,로비코,로맨스/로판,27
키라라의 별,1~13권,미상,로맨스/로판,27
"오늘, 사랑을 시작합니다",1~15권,미나미 카난,로맨스/로판,27
건방진 그녀석,1~23권,미츠바치 미유키,로맨스/로판,27
"뜬금없지만, 내일 결혼합니다",1~9권,미상,로맨스/로판,27
어릴 때부터 좋아했는데,1~11권,미상,로맨스/로판,27
순애 특공대장 리얼,1~4권,미상,로맨스/로판,27
순애 특공대장!,1~13권,미상,로맨스/로판,27
"꿈의 물방울, 황금의 새장",1~18권,미상,로맨스/로판,27
아무도 모르는,1~3권,미상,로맨스/로판,27
역전검사,1~4권,미상,로맨스/로판,27
왕자에게는 독이 있다,1~10권,미상,로맨스/로판,27
회장의 비밀,1~2권,미상,로맨스/로판,27
꽃에 폭풍,1~2권,미상,로맨스/로판,27
캐러멜 보이,1~3권,미상,로맨스/로판,27
우이러브,1~11권,미상,로맨스/로판,27
나의 늑대군,1~4권,미상,로맨스/로판,27
순진무 구 그녀,1~5권,미상,로맨스/로판,27
삐약삐약,1~5권,미상,로맨스/로판,27
그건 아냐 달링,1~3권,미상,로맨스/로판,27
너 같은 건 절대로,1~4권,미상,로맨스/로판,27
Dangerous share,1~2권,미상,로맨스/로판,27
호우오 학교 미소년반,1~4권,미상,로맨스/로판,27
"이봐 선생님, 그거 모르지",1~3권,미상,로맨스/로판,27
사립! 미녀 고등학교,1~3권,미상,로맨스/로판,27
사립! 미녀 고등학교 리턴즈,1~2권,미상,로맨스/로판,27
남자 고교생의 일상,1~7권,미상,로맨스/로판,27
트윈 롤,1~2권,미상,로맨스/로판,27
슈가 패밀리,1~6권,미상,로맨스/로판,27
내게 빠져봐,1~5권,미상,로맨스/로판,27
오이란 걸,1~5권,미상,로맨스/로판,27
어른의 시간,1~7권,미상,로맨스/로판,27
이건 사랑이 아니니까 잘 부탁해,1~5권,미상,로맨스/로판,27
꽃보다 맑음,1~15권,미상,로맨스/로판,27
무지와라 군은 대체로 옳다,1~6권,미상,로맨스/로판,27
하루 X 키요,1~6권,미상,로맨스/로판,27
허니 헌트,1~6권,미상,로맨스/로판,27
이상한 나라의 아리스가와,1~7권,미상,로맨스/로판,27
요괴얀화담,1~12권,미상,로맨스/로판,27
봄을 기다리는 우리들,1~14권,미상,로맨스/로판,27
나에게 꽃의 멜랑콜리,1~13권,미상,로맨스/로판,27
줄무늬 고양이 코우메,1~24권,미상,로맨스/로판,27
상사병에 걸린 엘러,1~8권,미상,로맨스/로판,27
꽃에게 짐승,1~10권,스기야마 미와코,로맨스/로판,27
내 마음속에서 네가 지워지지 않아,1~4권,미상,로맨스/로판,27
여왕의 꽃,1~15권,미상,로맨스/로판,27
"사랑, 하늘하늘",1~2권,미상,로맨스/로판,27
베이비 키스를 주세요,1~3권,미상,로맨스/로판,27
다녀왔어 노래,1~7권,미상,로맨스/로판,27
비밀의 아이,1~15권,미상,로맨스/로판,27
"인사하고, 키스",1~7권,미상,로맨스/로판,27
정상!,1~2권,미상,로맨스/로판,27
해파리 공주,1~17권,미상,로맨스/로판,27
아오하라이드,1~13권,사키사카 이오,로맨스/로판,27
붉은 달,1~14권,미상,로맨스/로판,27
밀월,보유,미상,로맨스/로판,27
묘한 고양이 쿠로,1~9권,미상,로맨스/로판,27
도쿄 앨리스,1~15권,미상,로맨스/로판,28
남학교의 미도리 양!!,1~10권,미상,로맨스/로판,28
all you real is kill,1~2권,미상,로맨스/로판,28
내 첫사랑을 너에게 바친다,1~12권,미상,로맨스/로판,28
모래시계,1~10권,미상,로맨스/로판,28
어덜트 핑크,1~2권,미상,로맨스/로판,28
경국지색5,보유,미상,로맨스/로판,28
템페스트,1~9권,미상,로맨스/로판,28
내일의 3600초,1~4권,미상,로맨스/로판,28
가슴이 떨리는 건 너 때문,1~5권,미상,로맨스/로판,28
초립! 모모노키 고교,1~3권,미상,로맨스/로판,28
무지개 빛 데이즈,1~16권,미상,로맨스/로판,28
페이트 스테이 나이트,1~20권,미상,로맨스/로판,28
너 아니면 안돼,1~9권,미상,로맨스/로판,28
병아리 사랑,1~14권,유키마루 모에,로맨스/로판,28
좋아한다고 말하게 하는 법,1~9권,미상,로맨스/로판,28
우리에게는 벽이 있다,1~7권,미상,로맨스/로판,28
보이즈걸,1~3권,미상,로맨스/로판,28
리얼 어카운트,1~24권,시즈무 와타나베,판타지/무협,28
뚱쌤,1~9권,미상,로맨스/로판,28
열대 데라시네 보석점,1~4권,미상,로맨스/로판,28
유녀전기,1~7권,미상,로맨스/로판,28
망량의 상자,1~5권,미상,로맨스/로판,28
라스트 게임,1~11권,미상,로맨스/로판,28
그럼에도 세상은 아름답다,1~25권,미상,로맨스/로판,28
허니와 클로버,1~10권,우미노 치카,로맨스/로판,28
클로버 트레블,1~10권,미상,로맨스/로판,28
건게일 온라인,1~3권,미상,로맨스/로판,28
희미하게 보이는 소년,1~4권,미상,로맨스/로판,28
듀라라라!!,1~4권,미상,로맨스/로판,28
듀라라라!! 외전,1~3권,미상,로맨스/로판,28
파스텔,1~44권,미상,로맨스/로판,28
That’s life,1~4권,미상,로맨스/로판,28
별가루 드롭,1~4권,미상,로맨스/로판,28
우는 얼굴에 키스,1~9권,미상,로맨스/로판,28
너에게 친구가 생길 때까지,1~5권,미상,로맨스/로판,28
트리플 키스,1~2권,미상,로맨스/로판,28
사쿠라바는 멈추지 않아!,1~4권,미상,로맨스/로판,28
비밀의 공주 소문의 왕자,1~2권,미상,로맨스/로판,28
바디 & 소울,1~2권,미상,로맨스/로판,28
봇케님,1~2권,미상,로맨스/로판,28
네버 크라이,1~13권,미상,로맨스/로판,28
식신남,1~3권,미상,로맨스/로판,28
실러캔스,1~2권,미상,로맨스/로판,28
이국미로의 크로와제,1~2권,미상,로맨스/로판,28
천생연분,1~17권,미상,로맨스/로판,28
고토부키 미녀 저택,1~4권,미상,로맨스/로판,28
이런 내가 귀엽다니,1~3권,미상,로맨스/로판,28
코마츠바라가 연인이 되고 싶은 듯 이쪽을 보고 있어!,1~3권,미상,로맨스/로판,28
그래스 호퍼,1~3권,미상,로맨스/로판,28
사신 공주의 재혼,1~3권,미상,로맨스/로판,28
아시타 도둑,1~4권,미상,로맨스/로판,28
모형 정원의 엔젤,1~4권,미상,로맨스/로판,28
203호실의 진코씨,1~3권,미상,로맨스/로판,28
그 남자! 그 여자!,1~21권,츠다 마사미,로맨스/로판,28
내일 비밀스런 키스를 하자,1~3권,미상,로맨스/로판,28
왕궁의 트리니티,1~6권,미상,로맨스/로판,28
모형정원의 솔레이유,1~4권,미상,로맨스/로판,28
바이바이 리버티,1~4권,미상,로맨스/로판,28
블랙버드,1~18권,미상,로맨스/로판,28
새벽의 연화,1~47권,쿠사나기 미즈호,로맨스/로판,28
코우다이 가 사람들,1~6권,미상,로맨스/로판,28
러브몽키!,1~8권,미상,로맨스/로판,28
칸나와 견습생,1~7권,미상,로맨스/로판,28
뇌쇄미인,1~16권,미상,로맨스/로판,28
사랑하고 싶은 블루,1~6권,미상,로맨스/로판,28
키스&네버크라이,1~10권,미상,로맨스/로판,28
모자가게 일립스,1~3권,미상,로맨스/로판,28
금색의 코르다,1~17권,미상,로맨스/로판,28
SA,1~17권,미상,로맨스/로판,28
태양의 집,1~13권,미상,일상/개그,29
급구 촌장님,1~5권,미상,일상/개그,29
마음 단추,1~12권,미상,일상/개그,29
해피래리,1~10권,미상,일상/개그,29
엽기 걸 스타코,1~36권,미상,일상/개그,29
여성향 게임의 파멸 플래그밖에 없는 악역 영애로 환생해버렸다…,1~3권,미상,일상/개그,29
초인 X,1~14권,미상,일상/개그,29
홍색의 히어로,1~20권,미상,일상/개그,29
사신의 발라드,1~3권,미상,일상/개그,29
너는 비탈길 중간에,1~3권,미상,일상/개그,29
웰컴투 화원장,1~3권,미상,일상/개그,29
백귀야경,1~2권,미상,일상/개그,29
요괴 전문 의사선생님,1~15권,미상,일상/개그,29
욕마오가 사랑의 굴레,1~5권,미상,일상/개그,29
안개숲 호텔,1~2권,미상,일상/개그,29
뱀과 마리아와 달님,1~3권,미상,일상/개그,29
바보와 시험과 소환수,1~15권,미상,일상/개그,29
괭이 밥과 황금,1~6권,미상,일상/개그,29
우리들이 있었다,1~16권,미상,일상/개그,29
요츠바랑!,1~15권,아즈마 키요히코,일상/개그,29
고식,1~8권,미상,일상/개그,29
에노시마 와이키키 식당,1~11권,미상,일상/개그,29
군청학사,1~4권,미상,일상/개그,29
소라닌,1~2권,미상,일상/개그,29
부르잖아요 아자젤씨,1~16권,미상,일상/개그,29
라디에이션 하우스,1~15권,미상,일상/개그,29
노다메 칸타빌레,1~25권,미상,일상/개그,29
"새, 이소지 씨",1~4권,미상,일상/개그,29
불멸의 그대에게,1~24권,오이마 요시토키,판타지/무협,29
루돌프 터키,1~7권,미상,일상/개그,29
/ 칠흑의 꽃,1~2권,미상,일상/개그,29
미녀는 괴로워,1~5권,미상,일상/개그,29
키스,1~4권,미상,일상/개그,29
우리 아기는 외계인,1~9권,미상,일상/개그,29
후회없이 사랑해,1~7권,미상,일상/개그,29
히카리 맨,1~8권,미상,일상/개그,29
다다다,1~9권,미상,일상/개그,29
어떤 과학의 초전자포,1~18권,미상,일상/개그,29
어떤 마술의 금서목록,1~29권,미상,일상/개그,29
소울이터,1~25권,오쿠보 아츠시,액션/모험,29
혈계전선,1~10권,미상,일상/개그,29
서뱀프,1~16권,타나카 스트라이크,로맨스/로판,29
드래곤 아이,1~9권,미상,일상/개그,29
이누야시키,1~10권,오쿠 히로야,판타지/무협,29
신만이 아는 세계,1~26권,미상,일상/개그,29
사라진 첫사랑,1~9권,미상,일상/개그,29
From five to nine,1~15권,미상,일상/개그,29
붉은 실,1~9권,미상,일상/개그,29
통통 마니아,1~8권,미상,일상/개그,29
걷고 있어,1~11권,미상,일상/개그,29
스파이스와 커스터드,1~10권,미상,일상/개그,29
장미와 늑대,1~3권,미상,일상/개그,29
마담 프티,1~11권,미상,일상/개그,29
블리치,1~74권,쿠보 타이토,액션/모험,30
블리치 사신대행 편,1~1권,쿠보 타이토,액션/모험,30
베리타스,1~10권,미상,액션/모험,30
가정교사 히트맨 리본,1~34권,미상,액션/모험,30
일곱개의 대죄,1~41권,스즈키 나카바,판타지/무협,30
벚꽃사중주,1~31권,미상,액션/모험,30
나루토,1~72권,키시모토 마사시,액션/모험,30
나루토 7대 호카게의 진홍빛 3월,보유,키시모토 마사시,액션/모험,30
나루토 캐릭터 공식 데이터 북,보유,키시모토 마사시,액션/모험,30
보루토,1~20권,코타치 우코,액션/모험,30
코드기어스 반공의 스자쿠,1~2권,마지코,드라마/스포츠/SF,30
코드기어스 반역의 를르슈,보유,마지코,드라마/스포츠/SF,30
코드기어스 나이트메어 오브 나나리,1~5권,마지코,드라마/스포츠/SF,30
드래곤 집을 사다,1~10권,미상,액션/모험,30
균과 철,1~4권,미상,액션/모험,30
좀비론,1~13권,미상,액션/모험,30
루트 뱀파이어,1~3권,미상,액션/모험,30
재봉사의 공방,1~13권,미상,액션/모험,30
모노노케 고서점 괴기담,1~3권,미상,액션/모험,30
한 때는 신이었던 짐승들에게,1~14권,미상,액션/모험,30
원피스 학원,1~6권,오다 에이치로,액션/모험,31
원피스 파티,1~7권,오다 에이치로,액션/모험,31
원피스,1~114권,오다 에이치로,액션/모험,31
원피스 그린,보유,오다 에이치로,액션/모험,31
불상사 아이돌,1~5권,미상,로맨스/로판,32
사랑을 말할 거면 은밀하게,1~3권,미상,로맨스/로판,32
4월은 너의 거짓말,1~11권,미상,로맨스/로판,32
날씨의 아이,1~3권,신카이 마코토,로맨스/로판,32
나는 내일 어제의 너와 만난다,1~3권,미상,로맨스/로판,32
스즈메의 문단속,1~3권,신카이 마코토,로맨스/로판,32
너의 이름은,1~3권,란마루 코토네,로맨스/로판,32
리틀 포레스트,1~2권,미상,로맨스/로판,32
썸머워즈,1~3권,미상,로맨스/로판,32
배를 엮다,1~2권,미상,로맨스/로판,32
악마에 입문했습니다! 이루마 군,1~48권,미상,로맨스/로판,32
벼랑위의 포뇨,1~4권,미야자키 하야오,일상/개그,32
하울의 움직이는 성,1~4권,미야자키 하야오,일상/개그,32
"이 힐러, 귀찮아",1~7권,미상,로맨스/로판,32
"매일, 휴일",1~4권,미상,로맨스/로판,32
너의 췌장을 먹고 싶어,1~2권,키리하라 이즈미,로맨스/로판,32
리가,1~2권,미상,로맨스/로판,32
푸드파이터 타베루,1~7권,미상,로맨스/로판,32
우리집 마왕은 물지 않아요,1~4권,미상,로맨스/로판,32
운명의 새,보유,미상,로맨스/로판,32
시원찮은 직장인과 불량 소녀,1~5권,미상,로맨스/로판,32
여동생은 고양이,1~3권,미상,로맨스/로판,32
무직전생,1~14권,리후진 나 마고노테,판타지/무협,32
목소리의 형태,1~7권,미상,로맨스/로판,32
초속 5센티미터,1~2권,미상,로맨스/로판,32
데드맨 원더랜드,1~13권,미상,로맨스/로판,32
제로인,1~12권,미상,로맨스/로판,32
모험왕 비트,1~12권,미상,로맨스/로판,32
천상천하,1~22권,미상,로맨스/로판,32
샹그릴라 프론티어 - 망겜헌터 갓겜에 도전하다,1~10권,카타리나/후지 료스케,판타지/무협,32
나 혼자 호텔,1~2권,미상,일상/개그,34
은의 밀밭,1~2권,미상,일상/개그,34
"흑박물관 초승달이여, 괴물과 춤추어라",1~5권,미상,일상/개그,34
"결혼한다는 게, 정말인가요",1~11권,미상,일상/개그,34
스승 시리즈,1~7권,미상,일상/개그,34
"촌구석 아저씨, 검성이 되다",1~5권,미상,일상/개그,34
가비지타임,1~20권,미상,일상/개그,34
N과 S,1~5권,렌쥬로 긴다이치,로맨스/로판,34
기꺼이 하겠습니다,1~3권,미상,일상/개그,34
네가 싫어하는 사랑 이야기,1~2권,미상,일상/개그,34
되살아난 아가씨 루체타,1~2권,미상,일상/개그,34
소녀들의 흉터에 입맞춤을,1~3권,미상,일상/개그,34
어차피 남일이니까요,1~6권,미상,일상/개그,34
밟고 차고 사랑하고,1~6권,미상,일상/개그,34
볼룸에 오신 것을 환영합니다,1~12권,미상,일상/개그,34
숨막힐 정도의 사랑을 줄게,1~7권,미상,일상/개그,34
너만은 죽어도 사양할게,1~6권,미상,일상/개그,34
눈물비와 세레나데,1~14권,미상,일상/개그,34
킬 블루,1~9권,미상,일상/개그,34
극주부도,1~13권,코우즈케 오오노,일상/개그,34
백스트리트 걸스,1~12권,재스민 규,일상/개그,34
두 번 사는 랭커,1~32권,미상,일상/개그,34
스크린의 별,1~9권,미상,일상/개그,34
다시 한 번 아이돌,1~19권,미상,일상/개그,34
시한부 검성의 회귀,1~10권,미상,일상/개그,34
후계자,1~3권,미상,일상/개그,34
제3인류,1~5권,미상,일상/개그,34
아드 아스트라,1~12권,미상,액션/모험,35
묵시록의 4기사,1~13권,미상,액션/모험,35
XXX한 관계,1~3권,미상,액션/모험,35
이세계 실격,1~9권,미상,액션/모험,35
하이스코어 걸,1~10권,미상,액션/모험,35
한바탕의 소동이라면 기꺼이!,1~4권,미상,액션/모험,35
"방과후, 사랑했다",1~8권,미상,액션/모험,35
펜리르,1~4권,미상,액션/모험,35
베스티아,1~3권,미상,액션/모험,35
소녀사전,1~3권,미상,액션/모험,35
동자궁감,1~4권,미상,액션/모험,35
료코,1~5권,미상,액션/모험,35
언데드 언럭,1~21권,미상,액션/모험,35
고양이 화가 주베의 기묘한 이야기,1~23권,미상,액션/모험,35
지옥당 영계통신,1~12권,미상,액션/모험,35
백작영애와 시종의 부적절한 관계,1~2권,미상,액션/모험,35
여왕님의 전속 요리사,보유,미상,액션/모험,35
남자ing걸,보유,미상,액션/모험,35
편지,보유,미상,액션/모험,35
봄의 소나타,보유,미상,액션/모험,35
팥경단과 찹쌀떡,보유,미상,액션/모험,35
당신과 스캔들!,보유,미상,액션/모험,35
매화에 꾀꼬리,보유,미상,액션/모험,35
근거리 러버스,보유,미상,액션/모험,35
원티드,보유,미상,액션/모험,35
나의 세계 너의 리얼,보유,미상,액션/모험,35
돌아가는 펭귄드럼,1~2권,미상,액션/모험,35
가시 왕관,1~2권,미상,액션/모험,35
미소년 프로듀스,1~3권,미상,액션/모험,35
가족놀이,보유,미상,액션/모험,35
반드시 사랑하고 만다,1~6권,미상,액션/모험,35
셰어하우스 별사탕 키타 센주,1~2권,미상,액션/모험,35
너구리와 여우의 시골생활,1~3권,미상,액션/모험,35
사랑의 시작,1~7권,미상,액션/모험,35
조폭 선생님,1~15권,미상,액션/모험,35
불쾌한 모노노케안,1~18권,와자와키리,판타지/무협,36
원펀맨,1~35권,"원, 무라타 유스케",액션/모험,36
토리코,1~43권,미상,액션/모험,36
이 세계는 너무나 불완전하다,1~10권,미상,액션/모험,36
유라쿠초 도깨비 과자점,1~7권,미상,액션/모험,36
여성향 게임 속에서 내가 히로인이자 구세주?!,1~5권,미상,액션/모험,36
파도여 들어다오,1~10권,미상,액션/모험,36
마왕성에서 잘자요,1~25권,미상,액션/모험,36
효괴 아파트의 우아한 일상,1~27권,미상,액션/모험,36
사랑은 비가 갠 뒤 처럼,1~10권,미상,액션/모험,36
괴물이야기,1~22권,미상,액션/모험,36
마녀의 괴화집,1~8권,미상,액션/모험,36
아슬란 전기,1~20권,미상,액션/모험,36
만난 지 5초 만에 배틀,1~25권,미상,액션/모험,36
월드 트리거,1~26권,미상,액션/모험,36
머나먼 시공 속에서,1~15권,미상,액션/모험,36
심하게 굴지 말아줘,1~7권,미상,액션/모험,36
스즈키 씨는 그저 조용하게 살고싶다,1~3권,미상,액션/모험,36
"사랑해, 스즈키!",1~18권,미상,액션/모험,36
렌탈 오빠,1~4권,미상,액션/모험,36
키스하고 싶다고 졸라봐,1~3권,미상,액션/모험,36
잘생겼으니 용서한다,1~2권,미상,액션/모험,36
성무녀의 수호자,1~3권,미상,액션/모험,36
새신부와 엑소시스트,1~4권,미상,액션/모험,36
헬로 이노센트,1~7권,미상,액션/모험,36
런웨이에서 웃어줘,1~22권,미상,액션/모험,36
키네씨의 나 홀로 시네마,1~6권,미상,액션/모험,36
은혜는 평생 잊지 않겠습니다,1~3권,미상,액션/모험,36
평범한 우리들의7,보유,미상,액션/모험,36
평범한 우리들의,1~7권,미상,액션/모험,36
평범한 우리들의 번외편,보유,미상,액션/모험,36
오늘도 그 녀석들 옆에서,1~4권,미상,액션/모험,36
하늘색 플러터,1~3권,미상,액션/모험,36
"오오가미 양, 속이 전부 보여요",1~7권,미상,액션/모험,36
너와 봄의 시작,1~5권,미상,액션/모험,36
미녀와 야수,1~10권,미상,액션/모험,36
엠 제로,1~10권,미상,액션/모험,36
고양이와 키스,1~6권,미상,액션/모험,36
그녀는 아직 사랑을 모른다,1~5권,미상,액션/모험,36
아사히 선배의 취향,1~7권,미상,드라마/스포츠/SF,37
거짓의 프레이야,1~9권,미상,드라마/스포츠/SF,37
식물도감,1~3권,미상,드라마/스포츠/SF,37
트리피타카 트립!,1~4권,미상,드라마/스포츠/SF,37
저승의 사랑은 염라대왕님 나름,1~5권,미상,드라마/스포츠/SF,37
요시노 즈이카라,1~3권,미상,드라마/스포츠/SF,37
스커트를 입을 때까지 기다려줘,1~3권,미상,드라마/스포츠/SF,37
눈 깜빡임보다 빠르게!!,1~9권,미상,드라마/스포츠/SF,37
전생 마녀는 멸망을 고한다,1~5권,미상,드라마/스포츠/SF,37
방과 후 사랑했다,1~8권,미상,드라마/스포츠/SF,37
러브인하우스,1~10권,미상,드라마/스포츠/SF,37
깨끗하게 해주시겠어요?,1~10권,미상,드라마/스포츠/SF,37
둘이서 사랑을 하는 이유,1~7권,미상,드라마/스포츠/SF,37
봄과 폭풍,1~2권,미상,드라마/스포츠/SF,37
위국일기,1~11권,미상,드라마/스포츠/SF,37
변호사와 17세,1~10권,미상,드라마/스포츠/SF,37
순간 그라데이션,1~4권,미상,드라마/스포츠/SF,37
미팅에 나갔는데 여자가 없었던 이야기,1~7권,미상,드라마/스포츠/SF,37
우리 남동생들이 죄송합니다,1~6권,미상,드라마/스포츠/SF,37
사랑하는 레이지,1~6권,미상,드라마/스포츠/SF,37
아오이 선생님은 사춘기,1~2권,미상,드라마/스포츠/SF,37
아이돌 드렁크,1~4권,미상,드라마/스포츠/SF,37
히노코,1~8권,츠다  마사미,로맨스/로판,37
너는 특별해,1~8권,미상,드라마/스포츠/SF,37
미카미 선생님의 사랑법,1~8권,아이카와 히로,로맨스/로판,37
백화만화경,1~3권,미상,드라마/스포츠/SF,37
짐승의 길,1~12권,미상,드라마/스포츠/SF,37
세상에서 제일 나쁜 마녀,1~7권,미상,드라마/스포츠/SF,37
꿈에서 본 그 아이를 위하여,1~11권,미상,드라마/스포츠/SF,37
코하네의 개,1~3권,미상,드라마/스포츠/SF,37
내가 어른으로 만들어줄게,1~2권,미상,드라마/스포츠/SF,37
카사네,1~14권,미상,드라마/스포츠/SF,37
안아줘 그리고 키스도,1~11권,미상,드라마/스포츠/SF,37
사신에게 시집가는 날,1~7권,미상,드라마/스포츠/SF,37
러브 미 폼포코!,1~5권,미상,드라마/스포츠/SF,37
B.O.D.Y,1~15권,미상,드라마/스포츠/SF,37
이세계 역사의 찾집,1~5권,미상,드라마/스포츠/SF,37
바텐더,1~21권,조 아라키,드라마/스포츠/SF,37
바텐더 도쿄,1~7권,미상,드라마/스포츠/SF,37
바텐더 파리,1~6권,미상,드라마/스포츠/SF,37
미스터 초밥왕 외전,1~4권,미상,드라마/스포츠/SF,37
미스터 초밥왕,1~14권,테라사와 다이스케,드라마/스포츠/SF,37
미스터 초밥왕 - 전국대회편,1~8권,미상,드라마/스포츠/SF,37
술친구 밥 친구,보유,미상,드라마/스포츠/SF,37
심야식당,1~28권,아베 야로,드라마/스포츠/SF,37
초밥아가씨 사치,1~5권,미상,드라마/스포츠/SF,37
헬즈키친,1~13권,미상,드라마/스포츠/SF,37
맛좀봐라!,1~4권,미상,드라마/스포츠/SF,37
대결 궁극의 맛,1~4권,미상,드라마/스포츠/SF,37
바리스타,1~10권,미상,드라마/스포츠/SF,37
1/11,1~9권,미상,드라마/스포츠/SF,37
아츠모리 군의 아내,1~6권,미상,드라마/스포츠/SF,37
어제 뭐 먹었어?,1~22권,미상,드라마/스포츠/SF,37
신들에게 주워진 남자,1~5권,미상,드라마/스포츠/SF,37
복슬복슬 신령님 찾기,1~3권,미상,드라마/스포츠/SF,37
러브하우스,1~24권,미상,드라마/스포츠/SF,37
ILEGENS,1~5권,미상,드라마/스포츠/SF,37
서커스의 딸 몰가,1~3권,미상,드라마/스포츠/SF,37
사이버 블루,1~3권,미상,드라마/스포츠/SF,37
허니문 샐러드,1~3권,미상,드라마/스포츠/SF,37
저지,1~6권,미상,드라마/스포츠/SF,37
그린 블러드,1~5권,미상,드라마/스포츠/SF,37
오 렌즈,1~5권,미상,로맨스/로판,38
그 미인 남자 행실에 대하여,1~4권,미상,로맨스/로판,38
한자와나오키,1~5권,미상,로맨스/로판,38
클락워크 플래닛,1~10권,미상,로맨스/로판,38
길티 이노센스,1~8권,미상,로맨스/로판,38
다시 한 번 그와,1~3권,미상,로맨스/로판,38
노부나가의 셰프,1~36권,미상,로맨스/로판,38
좋아하지 않을거야 선배,1~4권,미상,로맨스/로판,38
밝은 기억 상실,1~6권,미상,로맨스/로판,38
빨간 모자의 늑대 제자,1~3권,미상,로맨스/로판,38
사랑일까요?,1~4권,미상,로맨스/로판,38
증년증녀,1~3권,미상,로맨스/로판,38
다이쇼 소녀 전래동화,1~5권,미상,로맨스/로판,38
천람의 메멘토,1~4권,미상,로맨스/로판,38
잘 잤니 그리고 잘 자,1~5권,미상,로맨스/로판,38
꽃은 어느 쪽?,1~7권,미상,로맨스/로판,38
미세스 머메이드,1~4권,미상,로맨스/로판,38
슈가 솔저,1~10권,미상,로맨스/로판,38
따끈따끈 베이커리,1~26권,미상,로맨스/로판,38
"부부 이상, 연인 미만",1~11권,미상,로맨스/로판,38
나쁜 짓 할래?,1~3권,미상,로맨스/로판,38
얼티밋 비너스,1~9권,시게마츠 타카코,로맨스/로판,38
아이 선생님은 모른다,1~3권,미상,로맨스/로판,38
거짓왕 글라디우스,1~3권,미상,로맨스/로판,38
선생님은 고등학생,1~3권,미상,로맨스/로판,38
금색의 갓슈!!,1~33권,미상,로맨스/로판,38
블랙라군,1~12권,미상,로맨스/로판,38
대런 섄,1~11권,미상,로맨스/로판,38
"한 입, 두 입",1~2권,미상,로맨스/로판,38
녹아내려! 미조레 짱,1~6권,미상,로맨스/로판,38
화조풍월,1~6권,미상,로맨스/로판,38
뱀파이어 기사,1~19권,미상,로맨스/로판,38
사람과 심장,1~8권,미상,로맨스/로판,38
오키테가이 쿄코의 비망록,1~5권,미상,로맨스/로판,38
아사미 선생님의 비밀,1~4권,미상,로맨스/로판,38
헬 하운드,1~3권,미상,로맨스/로판,38
오니의 신부는 먹히고싶어,1~5권,미상,로맨스/로판,38
거실의 마츠나가 씨,1~11권,미상,로맨스/로판,38
선배 지금부터 고백합니다,1~5권,미상,로맨스/로판,38
드레스,1~3권,미상,로맨스/로판,38
오타쿠에게 상냥한 갸루는 없다?!,1~8권,미상,로맨스/로판,38
1학년 A반의 몬스터,1~12권,우라사와 나오키,스릴러/추리/호러,38
버서스,1~3권,미상,로맨스/로판,38
카나카나,1~6권,미상,로맨스/로판,38
여행과 밥과 종말 세계,1~3권,미상,로맨스/로판,38
오타쿠에게 사랑은 어려워,1~4권,미상,로맨스/로판,38
보이지 않는 나라,1~9권,미상,로맨스/로판,38
실연소녀,1~10권,미상,로맨스/로판,38
옆집은 뭐 먹지? 어른의 맛,1~11권,미상,로맨스/로판,38
옆집은 뭐 먹지?,1~3권,미상,로맨스/로판,38
너와 원더랜드,1~3권,미상,로맨스/로판,38
사랑따위 빠지지 않아,1~3권,미상,로맨스/로판,38
나의 오리온,1~6권,미상,로맨스/로판,38
믹스,1~21권,아다치 미츠루,드라마/스포츠/SF,38
이토군은 사랑을 몰라,1~3권,미상,로맨스/로판,38
어쨌든 네가,1~2권,미상,로맨스/로판,38
사신과 은의 기사,1~6권,미상,로맨스/로판,38
허니 컴 허니,1~10권,미상,로맨스/로판,38
손을 잡아요,1~8권,미상,로맨스/로판,38
미츠보시의 스페셜리티,1~6권,미상,로맨스/로판,38
나는 천재를 기르고 있다,1~7권,미상,로맨스/로판,38
가면전사 아쿠메츠,1~18권,미상,로맨스/로판,38
한 그릇 더!,1~11권,미상,로맨스/로판,38
케모노 프렌즈,1~2권,미상,로맨스/로판,38
카나타 달리다,1~10권,미상,로맨스/로판,39
"봄과 사랑, 그리고 너",1~5권,미상,로맨스/로판,39
거짓말쟁이 보이프렌드,1~8권,미상,로맨스/로판,39
7th Garden,1~8권,미상,로맨스/로판,39
츠바키쵸 론리 플래닛,1~14권,미카 야마모리,로맨스/로판,39
어새신즈 프라이드,1~10권,미상,로맨스/로판,39
짝사랑 트라이앵글,1~2권,미상,로맨스/로판,39
밤의 신부,1~9권,미상,로맨스/로판,39
나츠키 레빗,보유,미상,로맨스/로판,39
철벽선생,1~13권,모모코 코다,로맨스/로판,39
하늘이 잿빛이라서,1~5권,미상,로맨스/로판,39
창룡의 시종,1~9권,미상,로맨스/로판,39
청춘 플래그,1~5권,미상,로맨스/로판,39
파라다이스 레지던스,1~3권,미상,로맨스/로판,39
태양보다 눈부신 별,1~4권,미상,로맨스/로판,39
하츠 하루,1~7권,미상,로맨스/로판,39
오렌지 초콜릿,1~13권,미상,로맨스/로판,39
오늘부터 신령님,1~25권,스즈키 줄리에타,로맨스/로판,39
이치노세 형제는 참을 수 없어,1~2권,미상,로맨스/로판,39
티아라,1~35권,미상,로맨스/로판,39
냥아치,1~4권,미상,로맨스/로판,39
여명의 아르카나,1~13권,미상,로맨스/로판,39
인어 왕자님,1~4권,미상,로맨스/로판,39
굿 나잇 아이 러브 유,1~4권,미상,로맨스/로판,39
생존게임,1~21권,미상,로맨스/로판,39
낙제기사 영웅담,1~11권,미상,로맨스/로판,39
바닐라 픽션,1~8권,미상,로맨스/로판,39
절벽 위의 란,1~10권,미상,로맨스/로판,39
나와 너의 소중한 이야기,1~7권,미상,로맨스/로판,39
극락 청춘 하키부,1~14권,미상,로맨스/로판,39
오! 나의 여신님,1~2권,미상,로맨스/로판,39
하이바라는 성격이 까칠해,1~3권,미상,로맨스/로판,39
카미키 형제 사절,1~6권,미상,로맨스/로판,39
노을빛 라이트,1~5권,미상,로맨스/로판,39
오늘부터 너의 닌자,1~5권,미상,로맨스/로판,39
신은 사는 게 괴로워,1~3권,미상,로맨스/로판,39
절대 두근거려서는 안돼,1~9권,미상,로맨스/로판,39
들이닥친 왕자는 2가지 다른 맛,1~6권,미상,로맨스/로판,39
사랑을 모르는 우리는,1~11권,미상,로맨스/로판,39
가면 여고생 하나코,1~8권,미상,로맨스/로판,39
우리 동네 치바 군은,1~9권,미상,로맨스/로판,39
가형의 앨리스,1~11권,미상,로맨스/로판,39
남자친구는 오렌지색,1~13권,미상,로맨스/로판,39
그런데 치기라 군이 너무 달콤해,1~10권,미상,로맨스/로판,39
남매 놀이,1~2권,미상,로맨스/로판,39
나를 비웃지 말아줘,1~4권,미상,로맨스/로판,39
산리오남자,1~6권,미상,로맨스/로판,39
나노카의 그이,1~14권,미상,로맨스/로판,39
달콤하지만은 않은 그들의 일상은,1~7권,미상,로맨스/로판,39
1파운드의 복음,1~4권,미상,로맨스/로판,39
슬로모션을 다시 한 번,1~7권,미상,로맨스/로판,39
프리스트,1~16권,미상,로맨스/로판,39
절대미각 탐정,1~16권,미상,로맨스/로판,39
루어,1~41권,미상,로맨스/로판,40
너는 봄에 눈을 뜬다,1~10권,미상,로맨스/로판,40
수신의 신부,1~11권,미상,로맨스/로판,40
왕자가 나를 포기하지 않아,1~12권,미상,로맨스/로판,40
엘르멘탈 제라드,1~18권,미상,로맨스/로판,40
여친 빌리겠습니다,1~33권,미상,로맨스/로판,40
별 내리는 왕국의 니나,1~12권,미상,로맨스/로판,40
벌꿀에 첫사랑,1~12권,미상,로맨스/로판,40
나는 지구와 노래한다,1~8권,미상,로맨스/로판,40
ReRe 헬로,1~10권,미상,로맨스/로판,40
별 셋 컬러즈,1~7권,미상,로맨스/로판,40
못난 부녀지간입니다만,1~10권,미상,로맨스/로판,40
차가운 학교의 시간은 멈춘다,1~4권,미상,로맨스/로판,40
근사한 남친,1~14권,미상,로맨스/로판,40
켄간 아슈라,1~27권,미상,로맨스/로판,40
펫숍 오브 호러즈,1~10권,미상,로맨스/로판,40
신 펫숍 오브 ㅗㅎ러즈,1~9권,미상,로맨스/로판,40
페숍 오브 호러즈 파사쥬편,1~5권,미상,로맨스/로판,40
펫숍 오브 호러즈 유랑하는 방주 편,1~3권,미상,로맨스/로판,40
80세 마리코,1~16권,오자와 유키,로맨스/로판,40
나의 행복한 결혼,1~4권,미상,로맨스/로판,40
Mr. 말로우 블루,1~4권,미상,로맨스/로판,40
모모모랑!,1~3권,미상,로맨스/로판,40
행복카페 3번가,1~15권,미상,로맨스/로판,40
펫샵 오브 아워스,1~10권,미상,로맨스/로판,40
나 여기에 있어,1~5권,미상,로맨스/로판,40
매일 키스해도 될까요?,1~4권,미상,로맨스/로판,40
아가씨 눈뜰 시간입니다,1~2권,미상,로맨스/로판,40
번개와 로맨스,1~5권,미상,로맨스/로판,40
절벽의 꽃이라면 떨어져라!!,1~7권,미상,로맨스/로판,40
염한 - 수려한 남자,1~18권,미상,로맨스/로판,40
코이바나,1~10권,미상,로맨스/로판,40
히스토리에,1~12권,미상,로맨스/로판,40
갓핸드 테루,1~62권,미상,로맨스/로판,40
신의 물방울,1~44권,기바야시 신,드라마/스포츠/SF,40
악마의 에로스,1~4권,미상,로맨스/로판,40
기숙학교의 줄리엣,1~16권,미상,로맨스/로판,41
행복색 원룸,1~11권,미상,로맨스/로판,41
하늘색 레몬과 길 잃은 고양이,1~6권,미상,로맨스/로판,41
청춘 헤비 로테이션,1~6권,미상,로맨스/로판,41
"쿠즈미 군, 분위기 파악하나요?",1~8권,미상,로맨스/로판,41
따스한 햇살,1~3권,미상,로맨스/로판,41
셰이크 님과 하렘에서,1~8권,미상,로맨스/로판,41
아라시 군의 안는 베개,1~6권,미상,로맨스/로판,41
퍼펙트 월드,1~12권,미상,로맨스/로판,41
만주 아편 스쿼드,1~16권,미상,로맨스/로판,41
결혼할 때까지 집에 안 갈래,1~3권,미상,로맨스/로판,41
파티피플 공명,1~17권,미상,로맨스/로판,41
청춘 돼지는 소악마 후배의 꿈을 꾸지 않는다,1~2권,미상,로맨스/로판,41
츠키시마의 암살법,1~3권,미상,로맨스/로판,41
청에 닿다,1~7권,미상,로맨스/로판,41
흡혈귀와 유쾌한 친구들,1~4권,미상,로맨스/로판,41
결국은 카논,1~5권,미상,로맨스/로판,41
전국전술전 로보스,1~5권,미상,로맨스/로판,41
후쿠야당의 딸들,1~11권,미상,로맨스/로판,41
미드나이트 세크리터리,1~7권,미상,로맨스/로판,41
세상에서 제일 미워!,1~13권,미상,로맨스/로판,41
V.B.로즈,1~14권,미상,로맨스/로판,41
우리는 언제나,1~11권,미상,로맨스/로판,41
이웃사촌 콤플렉스,1~5권,미상,로맨스/로판,41
너에게 닿기를,1~30권,시이나 카루호,로맨스/로판,41
너에게 닿기를 - 운명의 사람,1~3권,시이나 카루호,로맨스/로판,41
Stardust Wink,1~11권,미상,로맨스/로판,41
위드!!,1~4권,미상,로맨스/로판,41
아사하리하나코 컬렉션,1~4권,미상,로맨스/로판,41
이세계에서 왕태자비 시작했습니다,1~7권,미상,로맨스/로판,41
전당포 시노부의 보석상자,1~21권,니노미야 토모코,로맨스/로판,41
그에게 의뢰해서는 안됩니다,1~7권,미상,로맨스/로판,41
공주님 고문의 시간입니다,1~13권,미상,로맨스/로판,41
장난을 잘 치는 타카기 양,1~19권,소이치로 야마모토,로맨스/로판,41
장난을 잘 치는 전 타카기 양,1~19권,미상,로맨스/로판,41
사카즈키 씨에 의형제,1~4권,미상,로맨스/로판,41
코타로는 1인 가구,1~10권,미상,로맨스/로판,41
사랑을 사랑하는 유카리짱,1~5권,미상,로맨스/로판,41
보스 따님과 돌보미,1~8권,미상,로맨스/로판,41
아가씨를 부탁해,1~10권,미상,로맨스/로판,41
히라노와 카기우라,1~4권,미상,로맨스/로판,41
이 회사에 좋아하는 사람이 있습니다,1~15권,미상,로맨스/로판,41
사사키와 미야노,1~10권,미상,로맨스/로판,41
유즈키네 사형제,1~12권,미상,로맨스/로판,41
늑대 폐하의 신부,1~19권,마토 카우타,로맨스/로판,41
호타루의 빛,1~15권,미상,로맨스/로판,41
스위치 걸!,1~25권,미상,로맨스/로판,41
Xxx 홀릭,1~19권,CLAMP,판타지/무협,41
xxx 홀릭 외전,1~4권,CLAMP,판타지/무협,41
슈가즈,1~6권,미상,로맨스/로판,41
히로인 시작했습니다,1~4권,미상,로맨스/로판,42
초대형 소녀,1~5권,미상,로맨스/로판,42
1+1,1~10권,미상,로맨스/로판,42
후르츠 바스켓 another,1~4권,타카야 나츠키,로맨스/로판,42
후르츠 바스켓,1~23권,타카야 나츠키,로맨스/로판,42
크레이지 포유,1~6권,미상,로맨스/로판,42
별을 가진 작은 여우,1~6권,미상,로맨스/로판,42
일상,1~11권,미상,로맨스/로판,42
동네에서 소문난 텐구의 아이,1~12권,미상,로맨스/로판,42
연애니 사랑이니,1~11권,미상,로맨스/로판,42
메이의 집사,1~20권,미상,로맨스/로판,42
내가 인기 있어서 어쩌자는 거야,1~14권,준코,로맨스/로판,42
추락 여고생과 폐인 교사,1~16권,미상,로맨스/로판,42
오전 0시 키스하러 와줘,1~12권,미상,로맨스/로판,42
푸른하늘 옐,1~3권,미상,로맨스/로판,42
연애괴담 사요코씨,1~5권,미상,로맨스/로판,42
17 seventeen,1~5권,미상,로맨스/로판,42
물에 빠진 나이프,1~17권,조지 아사쿠라,로맨스/로판,42
오빠와 나,1~11권,토케이노 하리,로맨스/로판,42
브론즈의 천사,1~7권,미상,로맨스/로판,42
유큐홀더!,1~28권,미상,로맨스/로판,42
백작과 요정,1~4권,미상,로맨스/로판,42
선생님과 나,1~4권,미상,로맨스/로판,42
부녀자 그녀,1~5권,미상,로맨스/로판,42
나는 친구가 적다,1~20권,미상,로맨스/로판,42
우리들은 미쳤다,1~19권,미상,로맨스/로판,42
늑대와 향신료,1~16권,미상,로맨스/로판,42
아리사,1~9권,미상,로맨스/로판,42
비밀의 화원 아파트,1~2권,미상,로맨스/로판,42
나한테 xx해!,1~11권,미상,로맨스/로판,42
초승달 빵,1~3권,미상,로맨스/로판,42
세븐시즈,1~35권,미상,로맨스/로판,42
세븐시즈 외전,보유,미상,로맨스/로판,42
러브 쏘 라이프,1~17권,미상,로맨스/로판,42
그애와 함께,1~13권,미상,로맨스/로판,42
에덴의 꽃,1~12권,미상,로맨스/로판,42
라세츠의 꽃,1~9권,시오미 치카,로맨스/로판,42
첫사랑,1~10권,미상,로맨스/로판,42
방과후 오렌지,1~5권,미상,로맨스/로판,42
마리아주,1~26권,미상,로맨스/로판,42
사랑이 서툴러도 잘 살고 있습니다,1~3권,미상,로맨스/로판,42
찔레꽃 신부,1~2권,미상,로맨스/로판,42
마츠리스페셜,1~4권,미상,로맨스/로판,42
족쇄,1~4권,미상,로맨스/로판,42
초콜릿 코스모스,1~4권,미상,로맨스/로판,42
카페 미나미아오야마 골동품거리,1~13권,미상,로맨스/로판,42
뷰티 버니,1~8권,미상,로맨스/로판,42
태양이 보고있다,1~8권,미상,로맨스/로판,42
더블프린스,1~7권,미상,로맨스/로판,42
"안녕, 가시나무 공주",1~6권,미상,로맨스/로판,42
백자,1~2권,미상,로맨스/로판,42
필름걸,1~2권,미상,로맨스/로판,42
매일 너를 사랑하고 있어,1~2권,미상,로맨스/로판,42
미드나이트 카페,1~3권,미상,로맨스/로판,42
원한 해결사무소 요코하마지점,1~6권,미상,로맨스/로판,43
경계의 린네,1~40권,타카하시 루미코,판타지/무협,43
반짝 반짝 은하마을 상점가,1~10권,미상,로맨스/로판,43
처음 사랑에 빠진 날 읽는 이야기,1~7권,미상,로맨스/로판,43
100%의 그녀,1~11권,미상,로맨스/로판,43
야쿠모씨는 밥을 먹이고 싶어,1~11권,미상,로맨스/로판,43
벚꽃의 홍차왕자,1~13권,미상,로맨스/로판,43
모나리자인 너에게,1~10권,미상,로맨스/로판,43
엔젤하트,1~16권,미상,로맨스/로판,43
텐초 안돼 절대,보유,이치카와 킨,일상/개그,43
오늘부터 사육당합니다,1~3권,미상,로맨스/로판,43
결혼반지 이야기,1~14권,미상,로맨스/로판,43
송혼의 소녀와 장례여행,1~7권,미상,로맨스/로판,43
오전 3시의 무법지대,1~3권,미상,로맨스/로판,43
흑장미 앨리스,1~5권,미상,로맨스/로판,43
너의 키스로 감싸줘,1~2권,미상,로맨스/로판,43
비밀 사랑,1~3권,미상,로맨스/로판,43
케이사,1~7권,미상,로맨스/로판,43
적룡왕,1~7권,미상,로맨스/로판,43
아즈망가 대왕,1~4권,아즈마 키요히코,일상/개그,43
은하철도 999,1~20권,미상,로맨스/로판,43
천수의 나라,1~5권,미상,로맨스/로판,43
달콤달콤&짜릿짜릿,1~7권,미상,로맨스/로판,43
스위트 미션,1~12권,미상,로맨스/로판,43
라이프,1~20권,미상,로맨스/로판,43
장미양의 키스,1~9권,미상,로맨스/로판,43
오란고교 호스트부,1~18권,미상,로맨스/로판,43
사랑으로 모여라,1~4권,미상,로맨스/로판,43
월야오초지,1~6권,미상,로맨스/로판,43
러브 x 텍스트,보유,미상,로맨스/로판,43
파란하늘 팝,1~5권,미상,로맨스/로판,43
네 곁의 나,1~10권,미상,로맨스/로판,43
넌 내꺼!,1~2권,미상,로맨스/로판,43
전국시대 꽃남의 난,1~5권,미상,로맨스/로판,43
이런 미래는 들은 적 없어,1~7권,미상,로맨스/로판,43
암건사,1~3권,미상,로맨스/로판,43
너는 귀여운 여자아이,1~13권,미상,로맨스/로판,43
커피&바닐라,1~18권,타카라 아케가미,로맨스/로판,43
도쿄 판다,1~2권,미상,로맨스/로판,43
하렘 로지,1~2권,미상,로맨스/로판,43
허니,1~8권,마치코 사쿠라이,로맨스/로판,43
쿠로사키 말 따위 안들을거야,1~19권,미상,로맨스/로판,43
어차피 사랑하고 만다,1~5권,미상,로맨스/로판,43
천춘 신데렐라,1~4권,미상,로맨스/로판,43
빨리 하고 싶은 두 사람,1~9권,미상,로맨스/로판,43
래트맨,1~10권,미상,로맨스/로판,43
블랙 박스,1~6권,미상,로맨스/로판,43
하늘은 붉은 강가,1~28권,미상,로맨스/로판,43
트리니티 블러드,1~14권,미상,로맨스/로판,43
총리 딸은 괴로워,1~5권,미상,로맨스/로판,43
사랑하는 대장님,1~5권,미상,로맨스/로판,43
코바토,1~4권,미상,로맨스/로판,43
샤우트,1~2권,미상,로맨스/로판,43
달에게 키스 꽃다발을,1~3권,미상,로맨스/로판,43
명탐정 코난,1~108권,아오야마 고쇼,스릴러/추리/호러,44
명탐정 코난 특별편,1~43권,아오야마 고쇼,스릴러/추리/호러,44
명탐정 코난 극장판 시리즈,보유,아오야마 고쇼,스릴러/추리/호러,44
코난 제로의 일상,1~6권,미상,스릴러/추리/호러,44
코난 경찰학교 편,1~2권,미상,스릴러/추리/호러,44
코난 범인 한자와씨,1~8권,미상,스릴러/추리/호러,44
허구추리,1~21권,미상,스릴러/추리/호러,44
과거의 당신을 유괴했습니다,1~4권,미상,스릴러/추리/호러,44
미스터리라 하지 말지어다,1~11권,미상,스릴러/추리/호러,44
소년탐정 김전일 시즌 2,1~32권,"기바야시 신, 사토 후미야",스릴러/추리/호러,44
김전일 37세의 사건부,1~13권,"기바야시 신, 사토 후미야",스릴러/추리/호러,44
소년탐정 김전일 30,1~4권,미상,스릴러/추리/호러,44
소년탐정 김전일 애장판,1~26권,미상,스릴러/추리/호러,44
시바토라,1~15권,미상,스릴러/추리/호러,44
Q.E.D,1~27권,미상,스릴러/추리/호러,44
메모리아노이즈의 유전현상,1~3권,미상,스릴러/추리/호러,44
원한해결사무소,1~20권,미상,스릴러/추리/호러,44
열혈강호,1~95권,전극진,액션/모험,45
북두의 권,1~22권,미상,액션/모험,45
짱,1~74권,미상,액션/모험,45
난비란외,1~2권,미상,액션/모험,45
갱킹,1~27권,미상,액션/모험,45
탈옥닥터 엔마,1~2권,미상,액션/모험,45
바람처럼,1~3권,미상,액션/모험,45
파계검사,1~3권,미상,액션/모험,45
주식회사 천재 패밀리,1~6권,미상,액션/모험,45
사이코메트리 에지,1~11권,안도 유지,스릴러/추리/호러,45
왕패입국편 용랑전,1~11권,미상,액션/모험,45
상남 2인조,1~25권,미상,액션/모험,45
결계사,1~35권,미상,액션/모험,45
충사,1~10권,우루시바라 유키,판타지/무협,45
용비불패,1~23권,미상,액션/모험,45
용비불패 외전,1~12권,미상,액션/모험,45
고고한 사람,1~17권,미상,판타지/무협,46
전설의 용자의 전설,1~9권,미상,판타지/무협,46
플루토,보유,우라사와 나오키,드라마/스포츠/SF,46
빈란드 사가,1~27권,미상,판타지/무협,46
트레이스,1~5권,미상,판타지/무협,46
권노사투전 세스타스,1~11권,미상,판타지/무협,46
열정 c max,1~7권,미상,판타지/무협,46
3*3 아이즈,1~8권,미상,판타지/무협,46
모브코의 사랑,1~18권,미상,판타지/무협,46
아티스트 아크로,1~9권,미상,판타지/무협,46
엠마,1~10권,미상,판타지/무협,46
천지창조 디자인부,1~7권,헤비 조우/츠타 스즈키,판타지/무협,46
몽인워크,1~6권,미상,판타지/무협,46
체리 신드롬,1~6권,미상,판타지/무협,46
판도라 하츠,1~24권,미상,판타지/무협,46
HOOK,1~3권,미상,판타지/무협,46
완전무결하게 사로잡히다,1~6권,미상,판타지/무협,46
신부이야기,1~14권,미상,판타지/무협,46
주작의 활,1~12권,미상,판타지/무협,46
오치쿠보,1~6권,미상,판타지/무협,46
아케비의 세일러복,1~13권,미상,판타지/무협,46
너는 방과 후 인섬니아,1~14권,미상,판타지/무협,46
반항하지마,1~25권,미상,판타지/무협,46
사랑 소리,1~5권,미상,판타지/무협,46
내 이야기!!,1~13권,미상,판타지/무협,46
애프터 갓,1~6권,미상,판타지/무협,46
흑철의 발할리인,1~6권,미상,판타지/무협,46
은수저,1~15권,미상,판타지/무협,46
사랑이 있는 생환,보유,미상,판타지/무협,46
이 세상의 한구석에,1~3권,미상,판타지/무협,46
피코피코 슈퍼,보유,미상,판타지/무협,46
빵빵녀와 절벽녀,1~13권,미상,판타지/무협,46
사랑스런 니나,1~4권,미상,판타지/무협,46
채널고정,1~6권,미상,판타지/무협,46
타락 천사,1~15권,미상,판타지/무협,46
나만의 공주님,1~10권,미상,판타지/무협,46
하나님 연애하다,1~5권,미상,판타지/무협,46
피아노의 숲,1~26권,미상,판타지/무협,46
임금님의 사건 수첩,1~4권,미상,로맨스/로판,47
슈거리스,1~3권,미상,로맨스/로판,47
분명 이건 사랑이니까 필요없어,1~3권,미상,로맨스/로판,47
미녀는 야수,1~5권,미상,로맨스/로판,47
첫사랑 한정,1~4권,미상,로맨스/로판,47
호텔 퀸시,1~21권,미상,로맨스/로판,47
강각의 레기오스,1~8권,미상,로맨스/로판,47
강각의 레기오스 페리의 노래,1~2권,미상,로맨스/로판,47
아마가미 씨네 인연 맺기,1~8권,미상,로맨스/로판,47
우리가 사랑을 외칠 때,1~3권,미상,로맨스/로판,47
덜렁이 양 검증 중,1~7권,미상,로맨스/로판,47
타블로 게이트,1~7권,미상,로맨스/로판,47
스쿨 럼블,1~22권,미상,로맨스/로판,47
우에키의 법칙 플러스,1~5권,미상,로맨스/로판,47
배틀 짱,1~12권,미상,로맨스/로판,47
우에키의 법칙,1~16권,미상,로맨스/로판,47
공의 경계,1~11권,미상,로맨스/로판,47
사신에 씐 아마미야 씨,1~3권,미상,로맨스/로판,47
순애 라비린스,1~7권,미상,로맨스/로판,47
악마로소이다,1~11권,타카나시 미츠바,로맨스/로판,47
이웃집 다카시,1~8권,미상,로맨스/로판,47
유유백서,1~19권,미상,로맨스/로판,47
환상게임,1~12권,미상,로맨스/로판,47
환상게임 완전판,1~3권,미상,로맨스/로판,47
크로우즈,1~25권,미상,로맨스/로판,47
히비키,1~8권,미상,로맨스/로판,47
로스트 프린세스,1~2권,미상,로맨스/로판,47
불사,1~2권,미상,로맨스/로판,47
어떻게 좀 안될까요?,1~15권,미상,로맨스/로판,47
이빨의 행상인,1~3권,미상,로맨스/로판,47
굿모닝 키스,1~8권,미상,로맨스/로판,47
오늘부터 우리는!!,1~19권,히로유키 니시모리,액션/모험,47
저 능력은 평균치로 해달라고 말했잖아요!,1~3권,미상,로맨스/로판,47
키스보다도 빨리,1~12권,미상,로맨스/로판,47
장난스런 키스,1~14권,카오루 타다,로맨스/로판,47
한송이 꽃,1~4권,미상,로맨스/로판,47
돌아가는 펭귄 드럼,1~5권,미상,로맨스/로판,47
단다라 밥상,1~5권,미상,로맨스/로판,47
울랄라 며느리,1~20권,미상,로맨스/로판,47
제도첫사랑심중,1~5권,미상,로맨스/로판,47
도쿄 후회망상 아가씨,1~2권,히가시라무라 아키코,로맨스/로판,47
열정 자이언트,1~2권,미상,로맨스/로판,47
플라타너스의 열매,1~6권,미상,로맨스/로판,47
극채의 집,1~4권,미상,로맨스/로판,47
떨어지면 끝장,1~6권,미상,로맨스/로판,47
아오바군에게 듣고싶은 말,1~5권,미상,로맨스/로판,47
프바키야마의 종이 울린다,1~3권,이타가키 케이스케,액션/모험,47
오메가 트라이브 킹덤,1~11권,하라 야스히사,판타지/무협,47
워스트,1~33권,미상,로맨스/로판,47
근거리 연애,1~10권,미상,로맨스/로판,48
친구친구,1~3권,미상,로맨스/로판,48
꿈을 먹는 메리,1~15권,미상,로맨스/로판,48
200M 너머의 온도,1~14권,미상,로맨스/로판,48
병아리 왈츠,1~9권,사토나카 미카,로맨스/로판,48
하늘의 용과 딸의 벚꽃,1~3권,미상,로맨스/로판,48
자아 비밀을 시작해볼까,1~6권,미상,로맨스/로판,48
핑크 이노센트,1~3권,미상,로맨스/로판,48
모두 내게 줘,1~2권,미상,로맨스/로판,48
안경 왕자,1~4권,미상,로맨스/로판,48
아이들의 시간,1~6권,미상,로맨스/로판,48
완전 멋진 달링,1~3권,미상,로맨스/로판,48
초 완전 멋진 달링,1~2권,미상,로맨스/로판,48
애지중지,1~8권,요시하라 유키,로맨스/로판,48
홍차왕자,1~25권,미상,로맨스/로판,48
타케루,1~2권,미상,로맨스/로판,48
하나다,1~2권,미상,로맨스/로판,48
등의 눈,1~3권,미상,로맨스/로판,48
야수 사원 츠키시마,1~2권,미상,로맨스/로판,48
오즈,1~6권,미상,로맨스/로판,48
사랑같은 게 아니라,1~5권,미상,로맨스/로판,48
소녀의 장난감,1~3권,미상,로맨스/로판,48
6월의 러브레터,1~3권,미상,로맨스/로판,48
니지 응석 부려도 돼,1~7권,미상,로맨스/로판,48
성우가 되자,1~12권,미상,로맨스/로판,48
집사님 마음대로,1~21권,미상,로맨스/로판,48
집사님 마음대로 외전,보유,미상,로맨스/로판,48
선상의 개,1~3권,미상,로맨스/로판,48
히토쿠이,1~6권,미상,로맨스/로판,48
천하일미 돈부리,1~8권,미상,로맨스/로판,48
이노센트,1~12권,미상,로맨스/로판,48
이노센트 W,1~3권,미상,로맨스/로판,48
다윈즈 게임,1~3권,미상,로맨스/로판,48
맛의 달인,1~5권,미상,로맨스/로판,48
요즈야 선배의 괴담,1~3권,미상,로맨스/로판,48
어쌔신 & 신데렐라,보유,미상,로맨스/로판,48
데스 스위퍼,1~5권,미상,로맨스/로판,48
오토멘,1~17권,미상,로맨스/로판,48
공주님과 세마리 야수,1~4권,미상,로맨스/로판,48
쿠보양은 나를 내버려 두지 않아,1~12권,미상,로맨스/로판,48
월간순정 노자키 군,1~17권,이즈미 츠바키,웹툰,48
월간 순정 노자키군 엔솔로지,보유,츠바키 이즈미,일상/개그,48
키메라,1~16권,미상,로맨스/로판,48
우리는 알게 되었다,1~14권,미상,로맨스/로판,48
월요일의 연인,1~2권,미상,로맨스/로판,48
셀프,1~4권,미상,로맨스/로판,48
소곤소곤,1~6권,미상,로맨스/로판,48
라이어 x 라이어,1~10권,미상,로맨스/로판,48
좋아해도 될까요?,1~4권,미상,로맨스/로판,48
각시는 귀공녀,1~12권,미상,로맨스/로판,48
10만분의 1,1~4권,미상,로맨스/로판,48
비터 스위트 롤리팝,1~7권,미상,로맨스/로판,48
시모키타 글로리 데이즈,1~12권,미상,로맨스/로판,48
스위치,1~13권,미상,로맨스/로판,48
소년메이드,1~10권,미상,로맨스/로판,48
사도,1~25권,미상,로맨스/로판,48
사도 외전,보유,미상,로맨스/로판,48
밧사로드,1~7권,미상,로맨스/로판,48
아름다운 그대에게,1~23권,미상,로맨스/로판,48
그래도 사랑해,1~2권,미상,로맨스/로판,48
포로놀이,1~6권,미상,로맨스/로판,48
니들리스,1~13권,미상,스릴러/추리/호러,49
니들리스 제로,1~2권,미상,스릴러/추리/호러,49
몬스터 헌터 오라쥬,1~4권,우라사와 나오키,스릴러/추리/호러,49
청루 오페라,1~12권,미상,스릴러/추리/호러,49
러블리 어글리,1~10권,미상,스릴러/추리/호러,49
타카네와 하나,1~18권,미상,스릴러/추리/호러,49
우리집 가정부,1~3권,미상,스릴러/추리/호러,49
나는 키스로 거짓말을 한다,1~2권,미상,스릴러/추리/호러,49
브랜드 피스,1~2권,미상,스릴러/추리/호러,49
환상향인,1~2권,미상,스릴러/추리/호러,49
유카리즘,1~4권,미상,스릴러/추리/호러,49
NG 라이프,1~9권,미상,스릴러/추리/호러,49
개와 산다는 것,1~2권,미상,스릴러/추리/호러,49
꽂꽂이 Girl,1~3권,미상,스릴러/추리/호러,49
꽃이 지더라도,1~7권,미상,스릴러/추리/호러,49
S 남친 최고,1~7권,미상,스릴러/추리/호러,49
못난이에게 꽃다발을,1~12권,미상,스릴러/추리/호러,49
늑대 소녀와 흑왕자,1~16권,하타 아유코,로맨스/로판,49
좋아하는 애가 안경을 깜박했다,1~9권,미상,스릴러/추리/호러,49
나나,1~21권,미상,스릴러/추리/호러,49
파라다이스 키스,1~5권,미상,스릴러/추리/호러,49
치하야후루,1~50권,유키 스에츠구,스릴러/추리/호러,49
아가씨와 충견 군,1~9권,미상,스릴러/추리/호러,49
우타카타 다이얼로그,1~3권,미상,스릴러/추리/호러,49
제물공주와 짐승의 왕,1~15권,미상,스릴러/추리/호러,49
데드 프린세스,1~23권,미상,스릴러/추리/호러,49
private prince,1~5권,미상,스릴러/추리/호러,49
아바타르,1~8권,미상,스릴러/추리/호러,49
미녀를 누가 말려,1~7권,미상,스릴러/추리/호러,49
그녀 색의 그녀,1~3권,미상,스릴러/추리/호러,49
은하 영물 전설,1~8권,미상,스릴러/추리/호러,49
waltz,1~6권,미상,스릴러/추리/호러,49
사이렌,1~16권,미상,스릴러/추리/호러,49
프리스트 스쿨,1~11권,미상,스릴러/추리/호러,49
겟 뱃커스,1~39권,미상,스릴러/추리/호러,49
공태랑 나가신다!,1~16권,미상,스릴러/추리/호러,49
슈가슈가룬,1~8권,미상,스릴러/추리/호러,49
장미왕의 장례 행렬,1~17권,미상,스릴러/추리/호러,49
마계왕자,1~15권,미상,스릴러/추리/호러,49
유희왕,1~38권,미상,스릴러/추리/호러,49
빠직빠직,1~16권,미상,스릴러/추리/호러,49
트럼프,1~4권,미상,스릴러/추리/호러,49
에스 - 최후의 경관,1~9권,미상,스릴러/추리/호러,49
K2,1~46권,미상,스릴러/추리/호러,49
화려한 식탁,1~49권,미상,코믹스/그래픽노블,50
아베가 저를 노리고 있습니다,1~7권,미상,코믹스/그래픽노블,50
언밸런스 2,1~10권,미상,코믹스/그래픽노블,50
마스터 케톤,1~18권,미상,코믹스/그래픽노블,50
의룡,1~25권,미상,코믹스/그래픽노블,50
은아전설 오리온,1~5권,미상,코믹스/그래픽노블,50
을라우,1~5권,미상,코믹스/그래픽노블,50
크로스 블레이드,1~12권,미상,코믹스/그래픽노블,50
닌자의 왕,1~14권,미상,코믹스/그래픽노블,50
왕자님과 잿빛의 나날,1~4권,미상,코믹스/그래픽노블,50
복원가의 집,1~25권,김상엽,코믹스/그래픽노블,50
녹생의 왕,1~9권,미상,코믹스/그래픽노블,50
아이앰 어 히어로,1~22권,미상,코믹스/그래픽노블,50
제로에서 시작하는 마법의 서,1~6권,코바시리 카케루,판타지/무협,50
샤먼킹 플라워즈,1~6권,미상,코믹스/그래픽노블,50
이것은 사랑입니다,1~9권,미상,코믹스/그래픽노블,50
블랙 캣,1~20권,미상,코믹스/그래픽노블,50
마이언 전기,1~14권,미상,코믹스/그래픽노블,50
신세기 에반게리온,1~14권,미상,코믹스/그래픽노블,50
신세기 에반게리온 학원타천록,1~4권,미상,코믹스/그래픽노블,50
타나토스,1~8권,미상,코믹스/그래픽노블,50
재난은 날 너무 좋아해,1~5권,미상,코믹스/그래픽노블,50
형제,1~3권,미상,코믹스/그래픽노블,50
채운국 이야기,1~9권,미상,코믹스/그래픽노블,50
츄리닝,1~6권,미상,코믹스/그래픽노블,50
모던보이즈,보유,미상,코믹스/그래픽노블,50
바사라,1~16권,미상,코믹스/그래픽노블,50
술술술,1~4권,미상,코믹스/그래픽노블,50
플라이,보유,미상,코믹스/그래픽노블,50
오사카민박,보유,미상,코믹스/그래픽노블,50
유리가면,1~48권,미상,코믹스/그래픽노블,50
천사가 아니야 완전판,1~4권,미상,코믹스/그래픽노블,50
유리가면 애장판,1~14권,미상,코믹스/그래픽노블,50
꽃보다 남자 완전판,1~20권,미상,코믹스/그래픽노블,50
건달 군과 안경 양,1~23권,미상,코믹스/그래픽노블,50
한마 바키,1~37권,이타가키 케이스케,액션/모험,50
소녀 왕국 표류기,1~38권,미상,코믹스/그래픽노블,50
레인보우 2사 6방의 7인,1~22권,미상,코믹스/그래픽노블,50
티르전기,1~11권,미상,코믹스/그래픽노블,50
파검기,1~37권,미상,코믹스/그래픽노블,50
홍하후궁 이야기,1~10권,미상,코믹스/그래픽노블,50
호사카 선생님의 사랑의 매,1~3권,미상,코믹스/그래픽노블,50
스즈미야 하루히의 우울,1~20권,미상,일상/개그,51
스즈미야 하루히 짱의 우울,1~6권,미상,일상/개그,51
클로버,1~43권,토리코 치야,로맨스/로판,51
악역 영애는 서민에게 시집 가고 싶어,1~3권,미상,일상/개그,51
악역 영애는 이웃나라 왕태자의 사랑을 듬뿍 받는다,1~7권,미상,일상/개그,51
악역 영애이기 때문에 최종 보스를 길러 보았습니다,1~3권,미상,일상/개그,51
귀신 별곡,1~9권,미상,일상/개그,51
모노크롬 팩터,1~11권,미상,일상/개그,51
꿈꾸는 태양,1~10권,미상,일상/개그,51
모모,1~9권,미상,일상/개그,51
뱀파이어 남자 기숙사,1~7권,미상,일상/개그,51
꼬리의 목소리,1~7권,미상,일상/개그,51
별과 부스러기,1~4권,미상,일상/개그,51
레인,1~7권,미상,일상/개그,51
원시인 남친,1~3권,미상,일상/개그,51
아포칼립스의 요새,1~10권,미상,일상/개그,51
폭두고딩 타나카,1~10권,미상,일상/개그,51
폭두백수 타나카,1~10권,미상,일상/개그,51
폭두직딩 타나카,1~10권,미상,일상/개그,51
쿠레나이,1~10권,미상,일상/개그,51
눈의 나라에서,1~4권,미상,일상/개그,51
귀여운 사람,1~7권,미상,일상/개그,51
슈퍼 러버즈,1~16권,미상,일상/개그,51
유비님은 조용히 살고싶어,1~5권,미상,일상/개그,51
몬트리 히트,1~5권,미상,일상/개그,51
나는 친구가 적다 +,1~2권,미상,일상/개그,51
사랑은 요괴와,1~3권,미상,일상/개그,51
렌탈 마법사,1~5권,미상,일상/개그,51
우리 집사가 말하기를,1~10권,미상,일상/개그,51
키라라의 일,1~23권,미상,일상/개그,51
환상인행괴담,1~5권,미상,일상/개그,51
에어기어,1~31권,미상,일상/개그,51
위치 헌터,1~25권,미상,일상/개그,51
쿵후보이 친미 외전,1~4권,미상,일상/개그,51
쿠노이치 츠바키의 속마음,1~9권,이타가키 케이스케,액션/모험,51
멜티 블러드 엑스,1~2권,미상,일상/개그,51
에덴의 우리,1~21권,미상,일상/개그,51
카운트 다운 7days,1~4권,미상,일상/개그,51
위험한 순애 DNA,1~3권,미상,일상/개그,51
왕자와 마녀와 공주와,1~12권,미상,일상/개그,51
데우스 엑스 마키나,1~4권,미상,일상/개그,51
S.L.H,1~5권,미상,일상/개그,51
쿵후 보이 친미,1~28권,미상,일상/개그,51
신 쿵후 보이 친미,1~20권,미상,일상/개그,51
비르투스,1~5권,미상,일상/개그,51
한다 군,1~7권,요시노 사츠키,일상/개그,51
공작의 교실,1~3권,미상,일상/개그,51
닥터 코토 진료소,1~25권,미상,일상/개그,51
코스프레 애니멀,1~14권,미상,일상/개그,51
폭두방랑 타나카,1~10권,미상,일상/개그,51
비블양재점,1~4권,미상,일상/개그,51
기간트,1~10권,미상,일상/개그,51
히메가미,1~5권,미상,일상/개그,51
에이스 퀸,1~12권,미상,일상/개그,51
하늘의 유실물,1~20권,미상,일상/개그,51
효나카노 레이지에게 하렘을!!,1~5권,미상,일상/개그,51
키스해주지 않으면 죽어버려,1~3권,미상,일상/개그,51
후타바 집안의 남매,1~4권,미상,일상/개그,51
유령왕,1~7권,미상,일상/개그,51
감옥학원,1~28권,미상,일상/개그,51
선생님 저는 신경쓰지 말고 가주세요,1~6권,미상,일상/개그,51
로우 히어로,1~5권,미상,일상/개그,51
라라라,1~10권,미상,일상/개그,51
내일의 요이치!,1~15권,미상,일상/개그,51
잿빛 무지카,1~5권,미상,일상/개그,51
마녀는 두 번 신음한다,1~6권,미상,일상/개그,51
종말의 하렘,1~7권,미상,일상/개그,51
여자친구 만들고파,1~10권,미상,일상/개그,51
투러브 트러블,1~18권,미상,일상/개그,51
땀과 비누,1~11권,미상,일상/개그,51
쇼트 송,1~2권,미상,일상/개그,51
츠바키 님은 화려하게 꽃피우다 못해,1~4권,이타가키 케이스케,액션/모험,51
학생회에도 구멍은 있다!,1~6권,미상,일상/개그,51
히토미는 낯가림쟁이,1~9권,미상,일상/개그,51
호리고교 러브 레인저,1~3권,미상,일상/개그,51
우자키 양은 놀고싶어!,1~11권,미상,일상/개그,51
템플,1~10권,미상,일상/개그,51
미숙한 두 사람이 오나,1~3권,미상,일상/개그,51
대리화가,1~3권,미상,일상/개그,51
도산코 갸루는 참말로 귀여워,1~9권,미상,일상/개그,51
번뇌 서유기,1~6권,미상,일상/개그,51
마제,1~55권,미상,로맨스/로판,52
엘리트 건달,1~51권,미상,로맨스/로판,52
이누 X 보쿠 SS,1~11권,미상,로맨스/로판,52
터프,1~39권,미상,로맨스/로판,52
야뇌 백동수,1~9권,미상,로맨스/로판,52
권신,1~21권,미상,로맨스/로판,52
사무라이 8,1~5권,미상,로맨스/로판,52
뼈가 썩을 때까지,1~7권,미상,로맨스/로판,52
닥터 노구찌,1~9권,미상,로맨스/로판,52
라센바나,1~3권,미상,로맨스/로판,52
상처투성이 진세이,1~15권,미상,로맨스/로판,52
변녀,1~4권,미상,로맨스/로판,52
새장 학급,1~7권,미상,로맨스/로판,52
신 삼국지 로드,1~13권,미상,로맨스/로판,52
창천항로,1~28권,미상,로맨스/로판,52
우주형제,1~43권,츄야 코야마,드라마/스포츠/SF,53
블러디 먼데이,1~11권,미상,드라마/스포츠/SF,53
블러디 먼데이 시즌 2,1~8권,미상,드라마/스포츠/SF,53
블러디 먼데이 라스트 시즌,1~4권,미상,드라마/스포츠/SF,53
70억개의 침,1~4권,미상,드라마/스포츠/SF,53
나우,1~25권,미상,드라마/스포츠/SF,53
히데요시로소이다!!,1~6권,미상,드라마/스포츠/SF,53
신장판 생존,1~2권,미상,드라마/스포츠/SF,53
금가번장,1~7권,미상,드라마/스포츠/SF,53
외도의 노래,1~15권,미상,드라마/스포츠/SF,53
선악의 쓰레기,1~5권,미상,드라마/스포츠/SF,53
와일드 어댑터,1~6권,미상,드라마/스포츠/SF,53
신암행어사,1~17권,미상,드라마/스포츠/SF,53
언성 신데렐라,1~11권,마마레 아라이,드라마/스포츠/SF,53
최상의 명의,1~19권,미상,드라마/스포츠/SF,53
바람의 검심,1~7권,노부히로 와츠키,액션/모험,53
백터볼,1~5권,미상,드라마/스포츠/SF,53
가마란,1~22권,미상,드라마/스포츠/SF,53
아다마스,1~11권,미상,드라마/스포츠/SF,53
불꽃의 인페르노,1~6권,미상,드라마/스포츠/SF,53
빛나는 날개,1~10권,미상,드라마/스포츠/SF,53
사무라이 디퍼 쿄우,1~38권,미상,드라마/스포츠/SF,53
아일랜드,1~17권,미상,드라마/스포츠/SF,53
아일랜드 - 무법도,1~6권,모리 코우지,스릴러/추리/호러,53
용랑전,1~37권,미상,드라마/스포츠/SF,53
용랑전 중원요란편,1~17권,미상,드라마/스포츠/SF,53
크로우즈 외전,1~2권,미상,드라마/스포츠/SF,53
주먹에 산다,1~24권,미상,드라마/스포츠/SF,53
야규인법첩11,보유,미상,드라마/스포츠/SF,53
마왕,1~10권,미상,드라마/스포츠/SF,53
GTO 파라다이스 로스트,1~18권,후지사와 토오루,일상/개그,53
GTO,1~9권,후지사와 토오루,일상/개그,53
GTO 애장판,1~14권,미상,드라마/스포츠/SF,53
테라포마스,1~22권,미상,드라마/스포츠/SF,53
레이더스,1~9권,미상,드라마/스포츠/SF,53
브레이브,1~8권,미상,드라마/스포츠/SF,53
서울협객전,1~28권,미상,드라마/스포츠/SF,54
무적도,1~7권,미상,드라마/스포츠/SF,54
핫도그,1~33권,미상,드라마/스포츠/SF,54
사무라이 솔저,1~27권,미상,드라마/스포츠/SF,54
공수도 소공자 코히나타 미노루,1~50권,미상,드라마/스포츠/SF,54
디그레이맨,1~29권,호시노 카츠라,판타지/무협,54
사채꾼 우시지마,1~46권,미상,드라마/스포츠/SF,54
오메가 트라이브,1~14권,미상,드라마/스포츠/SF,54
아르테,1~18권,오쿠보 케이,드라마/스포츠/SF,54
헬싱,1~10권,미상,드라마/스포츠/SF,54
천추,1~15권,미상,드라마/스포츠/SF,54
지상 최강의 제자 켄이치,1~61권,미상,드라마/스포츠/SF,54
배가본드,1~37권,미상,드라마/스포츠/SF,54
총몽 GUNNM,1~5권,미상,드라마/스포츠/SF,54
총몽 Last Order,1~10권,미상,드라마/스포츠/SF,54
총몽 외전,보유,미상,드라마/스포츠/SF,54
뱀파이어 십자계,1~9권,미상,드라마/스포츠/SF,54
사원 시마4,보유,미상,드라마/스포츠/SF,54
사원 시마 주임편,1~4권,미상,드라마/스포츠/SF,54
시마계장,1~4권,미상,드라마/스포츠/SF,54
시마과장,1~17권,미상,드라마/스포츠/SF,54
시마부장,1~13권,미상,드라마/스포츠/SF,54
시마이사,1~8권,미상,드라마/스포츠/SF,54
시마상무,1~6권,미상,드라마/스포츠/SF,54
시마전무,1~5권,미상,드라마/스포츠/SF,54
시마사장,1~16권,미상,드라마/스포츠/SF,54
갱스터,1~8권,미상,드라마/스포츠/SF,54
시마회장,1~13권,미상,드라마/스포츠/SF,54
이키가미,1~10권,미상,드라마/스포츠/SF,54
다이아몬드 에이스,1~47권,유지 테라지마,드라마/스포츠/SF,55
다이아몬드 에이스 2,1~34권,미상,드라마/스포츠/SF,55
겁쟁이 페달,1~85권,와타나베 와타루,드라마/스포츠/SF,55
에어리어의 기사,1~57권,미상,드라마/스포츠/SF,55
이나중 탁구부,1~10권,미상,드라마/스포츠/SF,55
플라이 하이,1~34권,미상,드라마/스포츠/SF,55
플라이 하이 외전,보유,미상,드라마/스포츠/SF,55
하늘의 플라타너스,1~28권,미상,드라마/스포츠/SF,55
엔젤 보이스,1~39권,미상,드라마/스포츠/SF,55
이니셜 D,1~48권,미상,드라마/스포츠/SF,55
리얼,1~15권,미상,드라마/스포츠/SF,55
공포의 외인구단,1~15권,미상,드라마/스포츠/SF,55
테니스의 왕자,1~44권,코노미 타케시,드라마/스포츠/SF,55
신 테니스의 왕자,1~42권,코노미 타케시,드라마/스포츠/SF,55
다이 보이스 액트 3,1~8권,미상,드라마/스포츠/SF,55
환타지스타,1~25권,미상,드라마/스포츠/SF,55
하늘을 보라,1~8권,미상,드라마/스포츠/SF,55
오버 드라이브,1~17권,미상,드라마/스포츠/SF,55
베이비 스텝,1~47권,미상,드라마/스포츠/SF,56
H2,1~34권,아다치 미쯔루,드라마/스포츠/SF,56
H2 애장판,1~17권,아다치 미츠루,드라마/스포츠/SF,56
카페타,1~32권,소다 마사히토,드라마/스포츠/SF,56
크로스 게임,1~17권,아다치 미츠루,드라마/스포츠/SF,56
소라의 날개,1~50권,미상,드라마/스포츠/SF,56
소라의 날개 the day,보유,미상,드라마/스포츠/SF,56
메달리스트,1~14권,츠루마 이카다,드라마/스포츠/SF,56
아이실드,1~36권,미상,드라마/스포츠/SF,56
바라카몬,1~19권,요시노 사츠키,드라마/스포츠/SF,56
드래곤 볼,1~19권,미상,드라마/스포츠/SF,56
드래곤 볼 슈퍼,1~24권,토리야마 아키라,판타지/무협,56
은혼,1~77권,소라치 히데아키,액션/모험,56
슬로우 스텝,1~7권,미상,드라마/스포츠/SF,56
마인탐정 네우로,1~23권,미상,드라마/스포츠/SF,56
다이몬즈,1~13권,미상,드라마/스포츠/SF,56
먹짱,1~24권,츠치야마 시게루,드라마/스포츠/SF,56
벨제바브,1~28권,미상,드라마/스포츠/SF,56
리프,1~6권,미상,드라마/스포츠/SF,56
마기,1~37권,오타카 시노부,판타지/무협,57
크레용 신짱,1~50권,미상,판타지/무협,57
짱구,보유,미상,판타지/무협,57
마기 신드바드의 모험,1~19권,오타카 시노부,판타지/무협,57
개구리 하사 케로로,1~30권,요시자키 미네,일상/개그,57
도라에몽,1~45권,후지코F 후지오,일상/개그,57
도라에몽 플러스6,보유,미상,판타지/무협,57
도라에몽 극장판,보유,미상,판타지/무협,57
포켓몬스터,1~58권,우라사와 나오키,스릴러/추리/호러,57
키드갱,1~28권,미상,판타지/무협,57
차를 마시자,1~11권,미상,판타지/무협,57
포켓몬스터 금+은편,1~12권,우라사와 나오키,스릴러/추리/호러,57
앰블럼 take 2,1~59권,미상,판타지/무협,57
은아전설 위드,1~60권,미상,판타지/무협,57
거울 속 외딴 성,1~5권,미상,판타지/무협,57
아카메가 벤다,1~15권,미상,판타지/무협,57
탐정학원 Q,1~22권,미상,판타지/무협,57
탐정학원 Q 프리미엄,보유,미상,판타지/무협,57
다크에어,1~11권,미상,판타지/무협,57
해황기,1~45권,미상,판타지/무협,57
캔디 캔디,1~5권,미상,판타지/무협,57
우종,1~6권,미상,판타지/무협,57
파트너,1~3권,미상,판타지/무협,57
아따맘마,1~21권,미상,드라마/스포츠/SF,58
아따맘마 슈퍼,1~2권,미상,드라마/스포츠/SF,58
안녕?! 자두야!,1~34권,미상,드라마/스포츠/SF,58
레이브,1~35권,미상,드라마/스포츠/SF,58
천하무쌍,1~10권,미상,드라마/스포츠/SF,58
도박마,1~49권,미상,드라마/스포츠/SF,58
리셋,보유,미상,드라마/스포츠/SF,58
국립 자유경제 고등학교 세실고,1~7권,미상,드라마/스포츠/SF,58
로스트 맨,1~7권,미상,드라마/스포츠/SF,58
좋은 날,1~14권,미상,드라마/스포츠/SF,58
한자의 공수도,1~13권,미상,드라마/스포츠/SF,58
좁은 세계의 아이덴티티,1~5권,미상,드라마/스포츠/SF,58
블러드 라인즈,1~5권,미상,드라마/스포츠/SF,58
작안의 샤나,1~10권,미상,드라마/스포츠/SF,58
전국 스트레이즈,1~15권,미상,드라마/스포츠/SF,58
사키,1~24권,미상,드라마/스포츠/SF,58
도쿄 이노센트,1~9권,미상,드라마/스포츠/SF,58
환수의 성좌,1~14권,미상,드라마/스포츠/SF,58
20세기 소년,1~22권,우라사와 나오키,스릴러/추리/호러,58
21세기 소년,1~2권,미상,드라마/스포츠/SF,58
황제의 검,1~9권,미상,드라마/스포츠/SF,58
시구루이,1~15권,미상,드라마/스포츠/SF,58
몬스터,1~18권,우라사와 나오키,스릴러/추리/호러,58
식극의 소마,1~36권,츠쿠다 유우토,드라마/스포츠/SF,58
누라리횬의 신부,1~4권,미상,드라마/스포츠/SF,58
먹짱 겜블러,1~6권,미상,드라마/스포츠/SF,58
소믈리에르,1~19권,미상,드라마/스포츠/SF,58
믹심 일레븐,1~9권,미상,드라마/스포츠/SF,58
세븐고스트,1~17권,미상,드라마/스포츠/SF,58
오렌지,1~7권,미상,드라마/스포츠/SF,58
복종하지 않는 자,1~6권,미상,드라마/스포츠/SF,58
가면티처,1~4권,미상,드라마/스포츠/SF,58
퇴마침,1~6권,미상,드라마/스포츠/SF,58
문,1~9권,아사기리 카프카/하루카와 35,액션/모험,58
누라리횬의 손자,1~25권,미상,드라마/스포츠/SF,58
이누야샤,1~56권,타카하시 루미코,판타지/무협,58
더 파이팅,1~145권,미상,로맨스/로판,59
아스피린,1~10권,미상,로맨스/로판,59
저 너머의 아스트라,1~5권,미상,로맨스/로판,59
바쿠만,1~20권,오바 츠구미,드라마/스포츠/SF,59
홀리랜드,1~18권,미상,로맨스/로판,59
터프 외전 아버지,1~2권,미상,로맨스/로판,59
뱀파이어 번드,1~14권,미상,로맨스/로판,59
봉신연의,1~18권,미상,로맨스/로판,59
도쿠로,1~4권,미상,로맨스/로판,59
멜티 블러드,1~9권,미상,로맨스/로판,59
용과 용사와 배달부,1~7권,미상,로맨스/로판,59
Gunsinger Girl,1~15권,미상,로맨스/로판,59
창공의 아리아드네,1~22권,미상,로맨스/로판,59
페이트 그랜드 오더,1~16권,미상,로맨스/로판,59
페이트 그랜드오더 외전,1~4권,미상,로맨스/로판,59
다이스,1~6권,미상,로맨스/로판,59
에덴즈 제로,1~31권,미상,로맨스/로판,59
오렌지 플래닛,1~5권,후쿠시마 하루카,로맨스/로판,59
강철의 신사,1~9권,미상,로맨스/로판,59
비너스기상곡,1~5권,미상,로맨스/로판,59
절규 신데렐라,1~3권,미상,로맨스/로판,59
중화일미,1~11권,미상,로맨스/로판,59
패왕애인,1~9권,신주,로맨스/로판,59
오 나의 여신님,1~43권,미상,로맨스/로판,59
온화한 귀족의 휴가의 권장,1~9권,미상,로맨스/로판,59
공주님 만드는 법,1~2권,미상,로맨스/로판,59
집에서 한잔,1~7권,미상,로맨스/로판,59
녹풍당의 사계절,1~18권,미상,로맨스/로판,59
삐따기,1~93권,미상,로맨스/로판,60
로자리오와 뱀파이어,1~14권,미상,로맨스/로판,60
도란,1~4권,미상,로맨스/로판,60
로즈 힙 제로,1~5권,미상,로맨스/로판,60
우라카타!!,1~7권,미상,로맨스/로판,60
진월당,1~10권,미상,로맨스/로판,60
귀등의 섬,1~4권,미상,로맨스/로판,60
차나왕 요시츠네,1~22권,미상,로맨스/로판,60
차나왕 요시츠네 겐페이 전쟁,1~29권,미상,로맨스/로판,60
하루미치,1~3권,미상,로맨스/로판,60
남자훈련소,1~34권,미상,로맨스/로판,60
폭음열도,1~15권,미상,로맨스/로판,60
메이저,1~78권,미코토 아소우,드라마/스포츠/SF,60
메이저 2,1~27권,미상,로맨스/로판,60
학생회의 일존,1~5권,미상,로맨스/로판,60
킹덤,1~78권,마오 후지사키,로맨스/로판,60
브레이커,1~10권,니이 사토루,액션/모험,60
브레이커 N.W,1~20권,미상,로맨스/로판,60
에어리어 D,1~14권,미상,로맨스/로판,60
철야의 노래,1~20권,미상,판타지/무협,61
마법사의 신부,1~19권,미상,판타지/무협,61
들을 수 없는 밤은 죽었다,1~2권,미상,판타지/무협,61
전생 악녀의 흑역사,1~10권,미상,판타지/무협,61
사랑하는 MOONDOG,1~11권,미상,판타지/무협,61
데드 링거,1~4권,미상,판타지/무협,61
세상에서 제일 내가 OO,1~8권,미상,판타지/무협,61
과분한 남친,1~6권,미상,판타지/무협,61
이검전기 베른디오,1~5권,미상,판타지/무협,61
사랑은 세계정복 후에,1~3권,미상,판타지/무협,61
연애 그리모어,1~3권,미상,판타지/무협,61
시도,1~2권,미상,판타지/무협,61
빌리 배트,1~20권,우라사와 나오키,스릴러/추리/호러,61
반했습니다 선배,1~10권,미상,판타지/무협,61
요자쿠라 일가의 대작전,1~12권,미상,판타지/무협,61
체인지 가이,1~31권,미상,판타지/무협,61
눈과 먹,1~3권,미상,판타지/무협,61
퇴마사와 악마짱,1~4권,미상,판타지/무협,61
미사키 군의 서투른 익애,1~3권,미상,판타지/무협,61
시노비 사중주,1~8권,미상,판타지/무협,61
별볼일 없는 나를 사랑해주세요,1~10권,미상,판타지/무협,61
하야데처럼!,1~52권,미상,판타지/무협,61
밀혈공주와 뱀파이어,1~3권,미상,판타지/무협,61
안개비가 내리는 숲,1~4권,미상,판타지/무협,61
심연의 카발리어,1~24권,미상,판타지/무협,61
아포리즘,1~14권,미상,판타지/무협,61
라이드온킹,1~11권,미상,판타지/무협,61
마오,1~19권,미상,판타지/무협,61
기숙사장은 요리를 잘해,1~4권,미상,판타지/무협,61
상사상애,1~6권,미상,판타지/무협,61
그란네리에,1~3권,미상,판타지/무협,61
막말의 장,1~9권,미상,판타지/무협,61
7인의 셰익스피어,1~13권,미상,판타지/무협,61
순백의 소리,1~31권,미상,판타지/무협,61
오늘부터 시티헌터,1~13권,미상,판타지/무협,61
인법 마계전생,1~13권,미상,판타지/무협,61
사라져라 군청,1~3권,우즈키 아이/코노 유카타,판타지/무협,61
니세코이,1~25권,나오시 코미,로맨스/로판,61
심야의 유감천만 사랑도감,1~4권,미상,판타지/무협,61
용신님과 산다면,1~3권,미상,판타지/무협,61
아다치와 시마무라,1~3권,미상,판타지/무협,61
귀차니스트 남자가 아침에 일어나시 여자가 되어 있었던 이야기,1~3권,미상,판타지/무협,61
고양이가 서쪽으로 향하면,1~3권,미상,판타지/무협,61
프로미스 신데렐라,1~16권,오레코 타치바나,로맨스/로판,61
이야기가 수놓인 비단,1~5권,미상,판타지/무협,61
에나미 군은 사는 게 힘들다3,보유,미상,판타지/무협,61
갬블!,1~11권,미상,판타지/무협,61
여고생은 따분해,1~2권,미상,판타지/무협,61
남편은 언니,1~3권,미상,판타지/무협,61
안녕 아름다운 날,1~3권,미상,판타지/무협,61
주먹에 웃다,1~5권,미상,판타지/무협,61
바니타스의 수기,1~11권,미상,판타지/무협,62
마법선생 네기마!?,1~38권,미상,판타지/무협,62
쿠루네코,1~6권,미상,판타지/무협,62
센고쿠,1~15권,미상,판타지/무협,62
히나마츠리,1~19권,미상,판타지/무협,62
학원묵시록,1~7권,미상,판타지/무협,62
노라가미,1~27권,미상,판타지/무협,62
닥터 프리즈너,1~4권,미상,판타지/무협,62
디스트로이,1~5권,미상,판타지/무협,62
작열의 니라이카나이,1~5권,미상,판타지/무협,62
한밤의 오컬트 공무원,1~16권,미상,판타지/무협,62
라이칸 슬로프의 모험보험,1~3권,미상,판타지/무협,62
크게 휘두르며,1~36권,미상,판타지/무협,62
미타라이,1~3권,미상,판타지/무협,62
딩동 러시!,1~4권,미상,판타지/무협,62
꿈을 먹는 맥과 악몽의 아이,1~3권,미상,판타지/무협,62
결벽남자 아오야마군,1~13권,미상,판타지/무협,62
CITY,1~13권,미상,판타지/무협,62
너를 너무너무너무너무 좋아하는 100명의 그녀,1~13권,미상,판타지/무협,62
이세계 주점 노부,1~17권,미상,판타지/무협,62
공정 드래곤즈,1~17권,미상,판타지/무협,62
락나 크림슨,1~12권,미상,판타지/무협,62
노 건즈 라이프,1~13권,미상,판타지/무협,62
고깔모자의 아틀리에,1~15권,미상,판타지/무협,62
동군,1~13권,미상,판타지/무협,62
해피 슈가라이프,1~10권,미상,판타지/무협,62
"마왕님, 리트라이!",1~4권,미상,판타지/무협,62
죄수리쿠,1~38권,미상,판타지/무협,62
스모모모모모모,1~12권,미상,판타지/무협,62
모브사이코 100,1~16권,원,판타지/무협,62
신식의 요리인,1~3권,미상,판타지/무협,62
극처 데이즈,1~6권,미상,판타지/무협,62
하나가타,1~22권,미상,판타지/무협,62
신,1~18권,타카하시 츠토무,액션/모험,63
소녀 종말 여행,1~6권,미상,액션/모험,63
일하는 세포 블랙,1~7권,미상,액션/모험,63
던전밥,1~14권,쿠이 료코,드라마/스포츠/SF,63
호오즈키의 냉철,1~31권,미상,액션/모험,63
쌍망정은 부숴야 한다,1~25권,미상,액션/모험,63
블랙 클로버,1~36권,타바타 유키,액션/모험,63
엘프와 헌터의 아이템공방,1~5권,미상,액션/모험,63
스트라바간차,1~7권,미상,액션/모험,63
올드맨,1~4권,미상,액션/모험,63
바티칸 기적 조사관,1~5권,미상,액션/모험,63
100일간!!,1~4권,미상,액션/모험,63
광천의권 리제네시스,1~4권,미상,액션/모험,63
오컬트 짱은 말할 수 없어,1~8권,미상,액션/모험,63
이세계 미소녀가 되어 버린 아저씨와,1~6권,미상,액션/모험,63
도망을 잘 치는 도련님,1~22권,미상,액션/모험,63
리쿠도,1~23권,미상,액션/모험,63
오늘도 사랑입니다,1~5권,미상,액션/모험,63
텐프리즘,1~12권,미상,액션/모험,63
오물은 소독합니다,1~3권,미상,액션/모험,63
도쿄 ESP,1~16권,미상,액션/모험,63
드롭!! 꽃향기의 아가씨,1~3권,미상,액션/모험,63
뻐꾸기 커플,1~21권,미키 요시카와,로맨스/로판,63
밥을 너무 많이하는 여자와 완식계 남자,1~6권,미상,액션/모험,63
골든 카무이,1~31권,사토루 노다,액션/모험,63
일하는 세포,1~6권,미상,액션/모험,63
일하는 세포 프렌드,1~6권,미상,액션/모험,63
일하는 혈소판 짱,1~4권,미상,액션/모험,63
일하는 세포 레이디,1~5권,미상,액션/모험,63
소드 아트 온라인,보유,미상,액션/모험,63
종말의 발키리,1~19권,미상,액션/모험,63
오리엔트,1~20권,미상,액션/모험,63
나카노히로게놈 (실황중),1~10권,미상,액션/모험,63
사랑 잡담,1~5권,미상,액션/모험,63
인간 외 카탈로그,1~3권,미상,액션/모험,63
후루야 선생님은 내거야,1~6권,미상,액션/모험,63
프라우 파우스트,1~5권,미상,액션/모험,63
히프노시스 마이크,1~4권,미상,액션/모험,63
데미는 이야기 하고 싶어,1~11권,미상,액션/모험,63
머리 자르러 왔습니다,1~5권,미상,액션/모험,63
주식회사 마지루미에,1~6권,미상,액션/모험,63
극도 패러사이츠,1~6권,미상,액션/모험,63
옥 안의 솔리스트,1~3권,미상,액션/모험,63
오! 취준의 여신님,1~5권,미상,액션/모험,63
투명인간의 뼈,1~4권,미상,액션/모험,63
사촌오빠의 이삿짐 정리가 끝나지 않아,1~4권,미상,액션/모험,63
소피 로즈와 가시나무 인형사,1~3권,미상,액션/모험,63
녹을 먹는 비스코,1~4권,미상,액션/모험,63
맨즈 라이프,1~4권,미상,액션/모험,63
히트맨,1~12권,미상,드라마/스포츠/SF,64
카츠,1~16권,미상,드라마/스포츠/SF,64
젊음을 기억한다 EXIT,1~5권,미상,드라마/스포츠/SF,64
푸른 하늘 옐,1~19권,미상,드라마/스포츠/SF,64
미스터리 하지 말지어다,1~5권,미상,드라마/스포츠/SF,64
단다단,1~13권,타츠 유키노부,판타지/무협,64
불꽃 소방대,1~34권,오쿠보 아츠시,판타지/무협,64
흑집사,1~35권,야나 토보소,로맨스/로판,64
죽음이 두 사람을 갈라놓을 때까지,1~26권,미상,드라마/스포츠/SF,64
고스트 바둑왕,1~23권,홋타 유미,스릴러/추리/호러,64
쿠로코의 농구,1~30권,후지마키 타다토시,드라마/스포츠/SF,64
슬램덩크,1~24권,이노우에 다케히코,드라마/스포츠/SF,64
하이큐!!,1~45권,후루다테 하루이치,드라마/스포츠/SF,64
하이큐!?,1~11권,후루다테 하루이치,드라마/스포츠/SF,64
왕실교사 하이네,1~17권,미상,드라마/스포츠/SF,64
라이밍 맨,1~4권,미상,드라마/스포츠/SF,64
그 사람의 위장에는 내가 부족해,1~6권,미상,드라마/스포츠/SF,64
월광 조례,1~29권,미상,드라마/스포츠/SF,64
망각 배터리,1~16권,미상,드라마/스포츠/SF,64
핑,1~5권,미상,스릴러/추리/호러,65
제트맨,1~20권,미상,스릴러/추리/호러,65
쿠조의 대죄,1~16권,미상,스릴러/추리/호러,65
이웃집 801 양,1~4권,미상,스릴러/추리/호러,65
디펜스 데빌,1~10권,미상,스릴러/추리/호러,65
클레이모어,1~27권,미상,스릴러/추리/호러,65
뱀파이어 도서관,1~13권,미상,스릴러/추리/호러,65
신체찾기,1~17권,무라세 카츠토시,스릴러/추리/호러,65
신체찾기 외전,1~5권,미상,스릴러/추리/호러,65
모노노베 고서점 괴기담,1~7권,미상,스릴러/추리/호러,65
암살교실,1~21권,유세이 마츠이,판타지/무협,65
데스노트,1~12권,오바 츠구미,스릴러/추리/호러,65
카케구루이,1~20권,아시하라 다이스케,스릴러/추리/호러,65
카케구루이 트윈,1~14권,아시하라 다이스케,스릴러/추리/호러,65
도박묵시록 카이지,1~39권,미상,스릴러/추리/호러,65
아라가네의 아이,1~8권,미상,스릴러/추리/호러,65
플래티넘 엔드,1~14권,미상,스릴러/추리/호러,65
데드 마운트 데스 플레이,1~12권,미상,스릴러/추리/호러,65
미래일기,1~12권,미상,스릴러/추리/호러,65
미래일기 외전,1~2권,미상,스릴러/추리/호러,65
어쩐지 저녁,1~9권,미상,스릴러/추리/호러,65
천국의 고양이들,1~5권,미상,스릴러/추리/호러,65
재워드립니다!,1~12권,미상,스릴러/추리/호러,65
플라네테스,보유,미상,스릴러/추리/호러,65
스쿠나히코나,1~2권,미상,스릴러/추리/호러,65
쿠로즈카,1~10권,미상,스릴러/추리/호러,66
레플리카,1~4권,미상,스릴러/추리/호러,66
예고범,1~3권,미상,스릴러/추리/호러,66
요괴 가고제,1~5권,미상,스릴러/추리/호러,66
괴물왕녀,1~20권,미상,스릴러/추리/호러,66
스프라이트,1~8권,미상,스릴러/추리/호러,66
지옥별 레미나,보유,미상,스릴러/추리/호러,66
Mr. 웨인의 1904 경성기담,1~2권,미상,스릴러/추리/호러,66
악마의 신부 만들기,1~5권,미상,스릴러/추리/호러,66
이토준지 걸작집,1~11권,미상,스릴러/추리/호러,66
이토준지,1~17권,이토 준지,스릴러/추리/호러,66
블랙 패러독스,보유,미상,스릴러/추리/호러,66
사각,보유,미상,스릴러/추리/호러,66
이토준지의 고양이 일기 욘&무,보유,미상,스릴러/추리/호러,66
이토준지 공포 박물관,1~10권,이토 준지,스릴러/추리/호러,66
소용돌이,1~3권,이토 준지,스릴러/추리/호러,66
인간실격,1~3권,이토 준지,스릴러/추리/호러,66
마의 파편,보유,미상,스릴러/추리/호러,66
용해교실,보유,미상,스릴러/추리/호러,66
환괴지대,보유,이토 준지,스릴러/추리/호러,66
백귀야행,1~30권,미상,스릴러/추리/호러,66
파괴수,1~21권,미상,스릴러/추리/호러,66
안녕 Pi,1~5권,미상,스릴러/추리/호러,66
포요포요 관찰일기,1~4권,미상,스릴러/추리/호러,66
종점 언노운,1~3권,미상,스릴러/추리/호러,66
수신연무,1~5권,미상,스릴러/추리/호러,66
시부야 금붕어,1~11권,미상,스릴러/추리/호러,66
라이어게임 19 라이어게임 외전,보유,미상,스릴러/추리/호러,66
시오리와 시미코,보유,미상,스릴러/추리/호러,66
요괴전장,1~8권,미상,스릴러/추리/호러,66
신이 말하는 대로,1~21권,카네시로 무네유키,스릴러/추리/호러,66
올드보이,1~8권,미상,스릴러/추리/호러,66
다웁트,1~4권,미상,스릴러/추리/호러,66
블러드래드,1~11권,미상,스릴러/추리/호러,66
맨홀,1~3권,미상,스릴러/추리/호러,66
견신전,1~10권,미상,스릴러/추리/호러,66
괴담이설,1~5권,미상,스릴러/추리/호러,67
시귀,1~11권,미상,스릴러/추리/호러,67
우치다 공포만화 컬렉션,1~11권,미상,스릴러/추리/호러,67
디트로이트 메탈시티,1~10권,미상,스릴러/추리/호러,67
호문쿨루스,1~15권,미상,스릴러/추리/호러,67
창세의 타이가,1~8권,미상,스릴러/추리/호러,67
심령탐정 야쿠모,1~14권,스즈카 오다,스릴러/추리/호러,67
검은사기,1~38권,미상,스릴러/추리/호러,67
검은사기 제 2부,1~4권,미상,스릴러/추리/호러,67
친구게임,1~26권,미상,스릴러/추리/호러,67
쓰르라미 울적에 1부,1~2권,미상,스릴러/추리/호러,67
2부,1~2권,미상,스릴러/추리/호러,67
3부,1~2권,미상,스릴러/추리/호러,67
4부,1~2권,미상,스릴러/추리/호러,67
외전,1~2권,미상,스릴러/추리/호러,67
6부,1~4권,미상,스릴러/추리/호러,67
7부,1~6권,미상,스릴러/추리/호러,67
8부,1~2권,미상,스릴러/추리/호러,67
피안도,1~99권,미상,스릴러/추리/호러,67
기생수 애장판,1~8권,미상,스릴러/추리/호러,67
기생수 리버시,1~8권,이와아키 히토시,스릴러/추리/호러,67
사라사,1~8권,미상,액션/모험,68
중국 신부 이야기,1~2권,미상,액션/모험,68
타나카군은 항상 나른해,1~2권,미상,액션/모험,68
파괴지왕,1~3권,미상,액션/모험,68
파이브,1~5권,미상,액션/모험,68
틴 스피릿,1~4권,미상,액션/모험,68
인월,1~6권,미상,액션/모험,68
이지스,1~5권,미상,액션/모험,68
천사주의보,1~7권,미상,액션/모험,68
유레카,1~41권,미상,액션/모험,68
퀸즈,1~5권,미상,액션/모험,68
열혈여아,1~24권,미상,액션/모험,68
갱생고교,1~15권,미상,액션/모험,68
취하면 괴물이 되는 아빠가 싫다,보유,미상,액션/모험,68
아키타 여동생 에비나짱,1~2권,미상,액션/모험,68
몬트리히트,보유,미상,액션/모험,68
데스마치에서 시작되는 이 세계 광상곡,1~12권,미상,액션/모험,68
황씨네 집 이야기,1~4권,미상,액션/모험,68
미운오리 백조되기,1~13권,미상,액션/모험,68
하현의 달,1~3권,미상,액션/모험,68
M의 천국,1~5권,미상,액션/모험,68
죽을래 좋아할래,1~10권,미상,액션/모험,68
몽환백서,1~20권,-,액션/모험,68
흑신,1~19권,미상,액션/모험,68
페이트 제로,1~2권,미상,액션/모험,68
프린세스 메종,1~6권,미상,액션/모험,68
고양이노트,1~5권,미상,액션/모험,68
봄의 저주,1~2권,미상,액션/모험,68
풀 하우스,1~16권,미상,액션/모험,68
작은 아씨들,1~9권,미상,액션/모험,68
헌옷가게 문양첩,보유,미상,액션/모험,68
회랑식 중정,1~2권,미상,액션/모험,68
오디션,1~10권,천계영,로맨스/로판,68
밤을 걷는 고양이,1~8권,미상,액션/모험,68
플라워 오브 라이프,1~4권,미상,액션/모험,68
뷰티 허니,1~3권,미상,액션/모험,68
하백의 신부,1~25권,미상,액션/모험,68
슬리피 바메이드,1~5권,미상,액션/모험,68
G선 상의 고양이,1~2권,미상,액션/모험,68
그들의 일상생활,1~6권,미상,액션/모험,68
천향비화,1~5권,미상,액션/모험,68
소녀왕,1~8권,미상,액션/모험,68
크랩키스,1~10권,미상,액션/모험,68
달콤한 피,1~10권,미상,액션/모험,68
플라티나,1~14권,미상,액션/모험,68
다이스키,1~8권,미상,액션/모험,68
탐나는 도다,1~14권,미상,액션/모험,68
화인,1~7권,미상,액션/모험,68
늑대의 유혹,1~2권,미상,액션/모험,68
5천원 만주면 키스해주는 놈,1~7권,미상,액션/모험,68
파리와 결혼하기,1~3권,미상,액션/모험,68
귀족연애사,1~15권,미상,액션/모험,68
샌드위치 걸,1~8권,미상,액션/모험,68
암컷늑대의 보이,1~16권,미상,액션/모험,68
마스카 헤세드의 대마법사 이야기,1~12권,미상,액션/모험,68
우리는 길 잃은 작은 새를 보았다,1~6권,미상,액션/모험,68
그놈에게 바치는 장미,1~11권,미상,액션/모험,68
보스의 순정,1~3권,미상,액션/모험,68
크레이지걸 신비아 이계로 가다!!,1~19권,미상,액션/모험,68
아이 두 아이 두,1~15권,미상,액션/모험,68
순결소녀,1~3권,미상,액션/모험,68
나비,1~24권,미상,액션/모험,68
에이치투오,1~7권,미상,액션/모험,68
판타미르,1~3권,미상,액션/모험,68
신데렐라가 될 거야,1~20권,미상,액션/모험,68
프라미스,1~7권,미상,액션/모험,68
화이팅 걸,1~2권,미상,액션/모험,68
늑대주의보,1~7권,미상,액션/모험,68
일요일 소년,1~9권,미상,액션/모험,68
선녀 파이팅,1~6권,미상,액션/모험,68
루비돌,1~4권,미상,액션/모험,68
마왕일기,1~7권,미상,액션/모험,68
시니컬 오렌지,1~9권,미상,액션/모험,68
가면 속의 사랑,1~32권,미상,액션/모험,68
새 나에게 사랑을!!,1~5권,미상,로맨스/로판,69
예쁜 남자,1~17권,미상,로맨스/로판,69
아이리스,1~4권,미상,로맨스/로판,69
새 엄마와 딸의 블루스,1~2권,미상,로맨스/로판,69
쉿!,1~7권,미상,로맨스/로판,69
위험한 남자,1~2권,미상,로맨스/로판,69
연변걸,1~12권,미상,로맨스/로판,69
씨엘,1~23권,미상,로맨스/로판,69
비밀,1~10권,미상,로맨스/로판,69
대답하세요 프라임 미니스터,1~13권,미상,로맨스/로판,69
상속 받은 그녀,1~10권,미상,로맨스/로판,69
백설 지옥 강림,1~10권,미상,로맨스/로판,69
이상한 펜션,1~10권,미상,로맨스/로판,69
저승사자와 로맨스를?,1~3권,미상,로맨스/로판,69
내숭 9단 프로젝트,1~8권,미상,로맨스/로판,69
기다려 늑대,1~17권,미상,로맨스/로판,69
나의 사랑스런 주인님,1~14권,미상,로맨스/로판,69
사랑의 총알,1~12권,미상,로맨스/로판,69
원츄,1~10권,미상,로맨스/로판,69
연모,1~11권,미상,로맨스/로판,69
항아리,1~7권,미상,로맨스/로판,69
강특고 아이들,1~7권,미상,로맨스/로판,69
DVD,1~8권,미상,로맨스/로판,69
혼달별곡,1~8권,미상,로맨스/로판,69
내 ID는 성형미인,1~8권,미상,로맨스/로판,69
시화몽,1~14권,미상,로맨스/로판,69
밤을 걷는 선비,1~20권,조주희,웹툰,69
무명기,1~14권,미상,로맨스/로판,69
렛 다이,1~15권,미상,로맨스/로판,69
니가 세상의 전부다,1~9권,미상,로맨스/로판,69
예쁜남자 신드롬,1~11권,미상,로맨스/로판,69
세자빈 프로젝트,1~4권,미상,로맨스/로판,69
신데렐라맨,1~6권,미상,로맨스/로판,69
내게 너무 사랑스러운 뚱땡이,1~6권,미상,로맨스/로판,69
SM 헌터,1~10권,미상,로맨스/로판,69
어색해도 괜찮아,1~5권,미상,로맨스/로판,69
걸스온탑,1~10권,미상,로맨스/로판,69
풀하우스,1~5권,미상,로맨스/로판,69
달이 움직이는 소리,1~7권,미상,로맨스/로판,69
마틴 & 존,1~12권,미상,로맨스/로판,69
디어왈츠,1~9권,미상,로맨스/로판,69
곡성여자 고등학교,1~3권,미상,로맨스/로판,69
당신만의 앨리스,1~11권,미상,로맨스/로판,69
이건 좀 아닌 것 같아!,1~10권,미상,로맨스/로판,69
라쿤주의,1~3권,미상,로맨스/로판,69
게이트 세븐,1~4권,미상,로맨스/로판,69
왕자님에게 키스를,1~5권,미상,로맨스/로판,69
오빠와 남친과 그녀석!,1~10권,미상,로맨스/로판,69
키스 미 프린세스,1~9권,미상,로맨스/로판,69
디아이와이 걸,1~5권,미상,로맨스/로판,69
고양이 주인님을 길들이다,1~12권,미상,로맨스/로판,69
왕가의 후예,1~14권,미상,로맨스/로판,69
분녀네 선물가게,1~10권,미상,로맨스/로판,69
치로,1~12권,미상,로맨스/로판,69
천일야화,1~11권,미상,로맨스/로판,69
궁,1~28권,박소희,로맨스/로판,69
에이스,1~4권,미상,로맨스/로판,69
원더풀걸,1~6권,미상,로맨스/로판,69
열세번째 남자,1~12권,미상,로맨스/로판,69
장군의 딸 도단지,1~14권,미상,로맨스/로판,69
두 사람이다,1~4권,미상,로맨스/로판,69
UFO,1~7권,미상,로맨스/로판,69
물 좋은 하숙집,1~17권,미상,로맨스/로판,69
나는 사슴이다,1~9권,미상,로맨스/로판,69
마법사 시드&리드 시리즈,1~9권,미상,로맨스/로판,69
백곰 카페,1~4권,미상,로맨스/로판,69
동인녀 츠즈이씨,1~3권,미상,로맨스/로판,69
포옹,1~2권,미상,로맨스/로판,69
여왕의 기사,1~17권,미상,로맨스/로판,69
철썩궁합,1~3권,미상,로맨스/로판,69
커넥션,1~12권,미상,판타지/무협,70
마리 히엔,1~4권,미상,판타지/무협,72
자한량,1~6권,미상,판타지/무협,72
꽃돌이 넘버원,1~2권,미상,판타지/무협,72
세상아 덤벼라!,1~16권,미상,로맨스/로판,74
그녀를 믿지마세요,1~8권,미상,로맨스/로판,74
둘시네아를 위하여,1~6권,황미리,로맨스/로판,74
키스는 배운대로,1~10권,미상,로맨스/로판,74
천국대마경,1~11권,미상,액션/모험,7
아메리카노 엑소더스,1~1권,박지은,웹툰,33
환생했는데 제 7왕자라 내 맘대로 마술을 연마합니다,1~9권,미상,판타지/무협,33
유,1~5권,유토,일상/개그,74
마블 코믹스 MARVEL COMICS,보유,아다치 미츠루,드라마/스포츠/SF,75
코딩맨,1~9권,미상,판타지/무협,75
와이 시리즈 Why?,보유,미상,판타지/무협,76
스페셜 솔져,1~8권,미상,판타지/무협,76
과학 탐험대,1~9권,미상,판타지/무협,76
세계 탐험 만화 역사상식,1~30권,미상,판타지/무협,76
한국사 탐험 만화 역사상식,1~5권,미상,판타지/무협,76
졸라맨 건즈,1~20권,미상,판타지/무협,76
위기탈출 넘버원,1~20권,미상,판타지/무협,76
엉덩이 탐정,1~3권,미상,판타지/무협,77
쿠키런 세계사,1~6권,미상,판타지/무협,77
드래곤 빌리지 M: 마스터의 길,1~5권,미상,판타지/무협,77
쿠키런 서바이벌 대작전,1~50권,미상,판타지/무협,77
흔한남매,1~17권,미상,판타지/무협,77
별난 방탈출,1~4권,미상,판타지/무협,77
예쁜 girl이 되는 법,1~3권,미상,판타지/무협,77
쿠키런 어드벤처,1~59권,미상,판타지/무협,77
마법천자문,1~55권,미상,판타지/무협,77
이세계 여행사,1~6권,미상,판타지/무협,77
아빠의 축구,1~11권,미상,로맨스/로판,15
21세기 대마법사,1~18권,미상,로맨스/로판,15
"결혼, 그리고 결혼",보유,미상,로맨스/로판,15
애시드,1~2권,미상,로맨스/로판,15
그들의 특종,보유,미상,로맨스/로판,15
"오늘 밤, 세계에서 이 눈물이 사라진다 해도",보유,미상,로맨스/로판,15
"오늘 밤, 거짓말의 세계에서 잊을 수 없는 사랑을",보유,미상,로맨스/로판,15
악녀의 정의,1~4권,미상,로맨스/로판,15
홧김에 여주가 되어 보려 합니다,1~3권,미상,로맨스/로판,15
츤데레의 정석,1~2권,미상,로맨스/로판,15
버림받고 즐기는 소박한 독신의 삶,보유,미상,로맨스/로판,15
공녀고 나발이고 집에 간다고,1~3권,미상,로맨스/로판,15
마법상점의 대마법사,1~7권,미상,로맨스/로판,15
돌아와서 말하기,1~2권,미상,로맨스/로판,15
샤르트뢰즈,보유,미상,로맨스/로판,15
영원의 사자들,1~2권,미상,로맨스/로판,15
탈선,1~2권,미상,로맨스/로판,15
효월,1~2권,미상,로맨스/로판,15
누가누가 잘하나,1~3권,미상,로맨스/로판,15
로미오의 남자,보유,미상,로맨스/로판,15
춘궁,1~2권,미상,로맨스/로판,15
홀리데이,1~2권,미상,로맨스/로판,15
그래서 사랑,보유,미상,로맨스/로판,15
세자의 비밀,1~2권,미상,로맨스/로판,15
그 후작가의 하녀,1~2권,미상,로맨스/로판,15
저스트 더 투 오브 어스,1~2권,미상,로맨스/로판,15
회귀자의 스킬무쌍,1~11권,미상,로맨스/로판,15
망작의 삼공자로 사는 법,1~11권,미상,로맨스/로판,15
혹애,1~2권,미상,로맨스/로판,15
이차원 용병,1~31권,미상,로맨스/로판,15
월야환담 채월야,1~7권,미상,로맨스/로판,15
월야환담 창월야,1~10권,미상,로맨스/로판,15
도서관에는 마녀가 필요하다,1~5권,미상,로맨스/로판,15
그 남자의 결혼 파트너,1~2권,미상,로맨스/로판,15
산타,1~3권,미상,로맨스/로판,15
월흔,1~4권,미상,액션/모험,14
정글러,1~8권,미상,액션/모험,14
위버멘쉬,1~8권,미상,액션/모험,14
하얀 늑대들,1~12권,미상,액션/모험,14
권왕무적,1~18권,미상,액션/모험,14
찍히지 않습니다,1~7권,미상,일상/개그,5
"빠졌어, 너에게",보유,미상,일상/개그,5
야무진 고양이는 오늘도 우울,1~9권,미상,일상/개그,5
봇치  더 록,1~8권,아키 하마지,드라마/스포츠/SF,5
케이 온!,1~3권,미상,일상/개그,5
라라의 스타일기,보유,미상,일상/개그,24
그리스 로마 신화,보유,미상,일상/개그,24
해피니스,1~10권,미상,판타지/무협,33
피의 흔적,1~17권,미상,판타지/무협,33
카네사,1~14권,미상,판타지/무협,33
비스타즈,1~18권,이타가키 파루,판타지/무협,33
악의 꽃,1~11권,미상,판타지/무협,33
죄쾌,1~5권,미상,판타지/무협,33
시그널 100,1~4권,미상,판타지/무협,33
무능한 나나,1~12권,Looseboy,판타지/무협,33
죠죠의 기묘한 모험10,보유,미상,액션/모험,30
죠죠리온,1~3권,미상,액션/모험,30
별이삼샵,1~3권,웹툰 작가,웹툰,19
뷰티풀 군바리,1~10권,설이,웹툰,19
스킵 비트!,1~50권,나카무라 요시키,로맨스/로판,12
메이드 인 어비스,1~13권,아키히토 츠쿠시,판타지/무협,12
야스민,1~3권,미상,로맨스/로판,12
잠열,1~3권,미상,로맨스/로판,12
이 세계 삼촌,1~10권,미상,로맨스/로판,12
조강지처 길들이기,1~12권,한유랑,로맨스/로판,12
선배가 짜증나는 후배 이야기,1~11권,미상,로맨스/로판,12
네레이드의 전설,1~15권,미상,로맨스/로판,12
앤드,1~8권,미상,로맨스/로판,12
비비,1~7권,미상,로맨스/로판,12
녹턴,1~12권,미상,로맨스/로판,12
히상,1~6권,미상,로맨스/로판,12
하이힐을 신은 소녀,1~14권,미상,로맨스/로판,12
한눈에 반하다,1~11권,미상,로맨스/로판,12
학교에 가자,1~17권,미상,로맨스/로판,12
피터 판다,1~4권,미상,로맨스/로판,12
불량 신데렐라,1~10권,미상,로맨스/로판,12
러브 팝,1~8권,미상,로맨스/로판,12
천년 여우 인간되기 대작전,1~8권,미상,로맨스/로판,12
문제아 건드리고 살아남기,1~16권,미상,로맨스/로판,12
프린세스,1~31권,미상,로맨스/로판,12
헬프 미 베이비,1~1권,미상,로맨스/로판,12
출동 수호천사,1~6권,미상,로맨스/로판,12
천행기,1~13권,미상,로맨스/로판,12
물고기의 밤,1~9권,미상,로맨스/로판,12
네가 있는 미래에선,1~11권,미상,로맨스/로판,12
스프라우트,1~7권,미상,로맨스/로판,12
오오쿠,1~19권,미상,로맨스/로판,12
눈이 나려 꽃,1~23권,임해연,웹툰,12
매리는 외박 중,1~10권,미상,로맨스/로판,12
넌 내가 접수한다,1~4권,미상,로맨스/로판,12
단 하나뿐인 걸,1~9권,미상,로맨스/로판,12
누님 VS 형님,1~15권,미상,로맨스/로판,12
3월의 라이온,1~17권,우미노 치카,로맨스/로판,12
세인트 영맨,1~21권,미상,로맨스/로판,12
실버 다이아몬드 27(외전),보유,미상,로맨스/로판,12
다정다감,1~18권,미상,로맨스/로판,12
푸른 유리,1~7권,미상,로맨스/로판,12
아빠와 아버지의 우리 집밥,1~13권,미상,로맨스/로판,12
아르카나,1~11권,미상,로맨스/로판,12
춘앵전,1~14권,미상,로맨스/로판,12
실연의 쇼콜라티에,1~9권,미상,로맨스/로판,12
아이렌,1~7권,미상,로맨스/로판,12
비밀 시즌 제로 -더 톱 시크릿-,1~10권,미상,로맨스/로판,12
비밀 -더 톱 시크릿-,1~12권,미상,로맨스/로판,12
절정,1~7권,미상,로맨스/로판,12
두근 두근 왕자반,1~1권,미상,로맨스/로판,12
나나코로빈,1~3권,미상,로맨스/로판,12
키스에 미친놈과 담배피는 고양이,1~15권,미상,로맨스/로판,12
나와 로보코,1~10권,미상,로맨스/로판,12
SKT,1~11권,미상,판타지/무협,2
통일의 아침,1~7권,미상,판타지/무협,2
문나이트,1~8권,미상,판타지/무협,2
쿨하게,1~11권,미상,판타지/무협,2
하나노이 군과 상사병,1~18권,미상,로맨스/로판,10
카구야 님은 고백받고 싶어,1~28권,아카사카 아카,로맨스/로판,10
카구야 님을 이야기 하고싶어,1~8권,미상,로맨스/로판,10
하트 비트,1~5권,미상,로맨스/로판,12
롤링,1~6권,미상,로맨스/로판,12
금지된 키스,1~10권,미상,로맨스/로판,12
키스로 길들여지다,1~9권,미상,로맨스/로판,12
레이디 디텍티브,1~2권,미상,로맨스/로판,12
너의 시선 끝에 내가 있다,1~16권,미상,로맨스/로판,12
이상한 나라의 하숙집,1~7권,미상,로맨스/로판,12
소울,1~5권,오쿠보 아츠시,액션/모험,12
길고양이와 늑대,1~6권,미상,로맨스/로판,11
캐릭캐릭 체인지 쥬얼조커,1~3권,미상,로맨스/로판,11
꿈빛 파티시엘,1~8권,미상,로맨스/로판,11
야노군의 평범한 나날,1~12권,미상,로맨스/로판,11
올려다 보니 너는,1~4권,미상,액션/모험,35
리버스 x 리버스,1~4권,미상,액션/모험,35
히이라기 선배와 단둘이,1~3권,미상,액션/모험,35
급한대로 동거하지 않을래요?,1~5권,미상,액션/모험,35
꽃과 입맞춤,1~8권,미상,액션/모험,35
양지 바른 셰어 하우스,1~8권,미상,액션/모험,35
더 게이트,1~16권,미상,로맨스/로판,1
무당신마,1~4권,미상,로맨스/로판,1
절대검천,1~8권,미상,로맨스/로판,1
골프가 좋아,1~17권,미상,로맨스/로판,1
환동무적,1~7권,미상,로맨스/로판,1
붉은 너의 입술에,보유,웹툰 작가,웹툰,22
그녀를 잡아요,보유,웹툰 작가,웹툰,22
잔혹하게 농락하다,1~2권,웹툰 작가,웹툰,22
루시아,1~2권,웹툰 작가,웹툰,22
낙룡의 진주,1~2권,웹툰 작가,웹툰,22
아루하라 미나와 순정,1~2권,웹툰 작가,웹툰,22
"늑대왕, 루프스",1~4권,웹툰 작가,웹툰,22
연애기담,1~2권,웹툰 작가,웹툰,22
판사 이한영,1~10권,웹툰 작가,웹툰,22
눈부시도록,1~13권,미상,로맨스/로판,12
홍가네,1~11권,미상,로맨스/로판,12
러키 스타,1~8권,미상,로맨스/로판,12
여우가 늑대가 되는 순간,1~10권,미상,로맨스/로판,12
곰같은 여우가 늑대를 만나다,1~8권,미상,로맨스/로판,12