"title","number","genre","author"
"내일은 발명왕","6","아이, 교육","곰돌이"
"캐릭캐릭 체인지","6","순정",""
"캐릭캐릭 체인지 두근두근","6","순정",""
"공룡 메카드","6","아이, 판타지",""
"흔한 남매 불꽃 튀는 우리말","20","아이, 교육","한은호"
"신장판 꿈빛 파티시엘 6","2","순정","마쓰모토 나츠미"
"나츠메 우인장 32","7","순정","유키 미도리카와"
"블리치 68","17","판타지","쿠보 타이토"
"GTO 14","9","일상","토오루 후지사와"
"GTO 파라다이스 로스트 20","9","일상","토오루 후지사와"
"썅년의 미학, 플러스 2","4","웹툰","민서영"
"어느 날 공주가 되어버렸다 9","4","웹툰","스푼, 플루토스"
"어쨌거나 청춘 4","4","웹툰","이보람"
"여중생A 5","4","웹툰","허5파6"
"연놈 20","4","웹툰","상하"
"연애혁명 38","4","웹툰","232"
"이번 생도 잘 부탁해 12","4","로맨스,웹툰","이혜"
"재혼 황후 9","4","웹툰","알파타르트/숨풀"
"정년이 10","4","웹툰","서이레"
"하루만 네가 되고 싶어 8","4","웹툰","삼"
"바른연애 길잡이 12","4","로맨스,웹툰","남수"
"유미의 세포들 13","4","웹툰","이동건"
"이런 영웅은 싫어 27","4","웹툰","삼촌"
"밤을 걷는 선비 20","4","순정","조주희"
"설희 17","4","순정","강경옥"
"황제의 외동딸 14","4","순정","윤슬"
"그대를 사랑합니다 3","4","웹툰","강풀"
"남과 여 7","4","웹툰","시니/혀노"
"내 ID는 강남미인 5","4","웹툰","기맹기"
"눈이 나려 꽃 24","4","순정","임해연"
"마녀 4","4","웹툰","강풀"
"바보 2","4","웹툰","강풀"
"순정만화 2","4","웹툰","강풀"
"운빨 로맨스 3","4","로맨스,웹툰","김달님"
"일쌍다반사 2","4","웹툰","강풀"
"허니블러드 4","4","로맨스,웹툰","이나래"
"후레자식 5","4","호러,디스토피아","김칸비"
"바다의 이름 달의 그림자 18","4","순정",""
"340일간의 유예 3","5","웹툰","미치"
"견우와 선녀 6","5","웹툰","안수민"
"귀전구담 3","5","웹툰","QTT"
"그녀가 공작저로 가야 했던 사정 9","5","웹툰","고래/밀차"
"나의 마녀 4","5","웹툰","해윤"
"날것 6","5","웹툰","로하"
"버림 받은 황비 9","5","웹툰","정유나/인아"
"사내 연애 사절 6","5","로맨스,웹툰","두부/남수"
"서울 자가에 대기업 다니는 김부장 이야기 5","5","웹툰","명랑/김병관"
"악녀가 사랑할 때 9","5","웹툰","서귀조/대치동건물주"
"악마와 계약연애 8","5","웹툰","장진/움비"
"좋아하면 울리는 7","5","웹툰","천계영"
"호러와 로맨스 5","5","로맨스,웹툰","루시드"
"신비 5","5","웹툰","반지"
"오늘도 사랑스럽 개 9","5","웹툰","이혜"
"윈터우즈 7","5","웹툰","COSMOS 외"
"청춘로맨스 6","5","로맨스,웹툰","미울"
"실 10","5","로맨스,웹툰","보리"
"심연의 하늘 10","5","웹툰","윤인완"
"총몽 완전판 (알리타 원작) 6","5","판타지,SF","기시로 유키토"
"26년 3","5","웹툰","강풀"
"계룡 선녀전 5","5","웹툰","돌배"
"머니게임 4","5","탐정,추리,게임","배진수"
"부암동 복수자 소셜클럽 6","5","웹툰","사자토끼"
"스피릿 핑거스 13","5","웹툰","한경찰"
"조명가게 3","5","웹툰","강풀"
"치즈인더트랩 시즌1 6","5","로맨스,웹툰","순끼"
"치즈인더트랩 시즌2 9","5","로맨스,웹툰","순끼"
"치즈인더트랩 시즌3 12","5","로맨스,웹툰","순끼"
"치즈인더트랩 시즌4 7","5","로맨스,웹툰","순끼"
"커피 한잔 할까요? 8","5","요리,술","허영만"
"사내 맞선 10","5","로맨스,웹툰","해화/NARAK"
"손안의 안단테 5","5","웹툰","나윤희"
"여신강림 19","5","웹툰","야옹이"
"롱 리브 더 킹 시즌1 5","5","웹툰","버드나무숲"
"롱 리브 더 킹 시즌2 9","5","웹툰","버드나무숲"
"롱 리브 더 킹 시즌3 10","5","웹툰","버드나무숲"
"롱 리브 더 킹 시즌4 8","5","웹툰","버드나무숲"
"HELP!! 1","6","순정","후지와라 키요"
"꽃의 이름 4","6","순정","사이토 켄"
"미궁 시리즈 34","6","순정","카미야 유우"
"밀크 1","6","순정","자쿠리 사토"
"병아리 상점 6","6","순정","스다 유리코"
"시집가긴 다 틀렸어! 5","6","순정","후지와라 키요"
"애지중지 8","6","순정","요시하라 유키"
"오토 포커스 5","6","순정","록뽄기 아야"
"차장 하나부사씨 1","6","순정","미야코 리츠"
"천상의 멜로디 9","6","순정","쿠미 마키무라"
"금붕어 언덕 5","6","순정","피치핏"
"남자의 일생 4","6","로맨스","니시 케이코"
"미카미 선생님의 사랑법 8","6","순정","아이카와 히로"
"악마로소이다. 11","6","순정","타카나시 미츠바"
"츠바키쵸 론리 플래닛 14","6","순정","미카 야마모리"
"4월의 너 스피카 10","6","로맨스","스기야마 미와코"
"결혼합시다 4","6","순정","미즈카미 와타루"
"나의 짐승남 9","6","순정","차경희"
"네지 1","6","순정","유키 카오리"
"라세츠의 꽃 9","6","순정","시오미 치카"
"마리아님이 보고계셔 8","6","순정","콘노 오유키"
"물에 빠진 나이프 17","6","순정","조지 아사쿠라"
"소년잔상 1","6","순정","유키 카오리"
"슈가 달링 3","6","순정","마츠모토 미오"
"시공이방인 쿄코 3","6","순정","타네무라 아리나"
"심심한 칠드런 12","6","순정","와카바야시 토시야"
"옆자리 괴물군 13","6","순정","로비코"
"이매진 11","6","순정","마키무라 사토루"
"잔혹동화 1","6","순정","유키 카오리"
"장난을 잘 치는 타카기양 18","6","순정","소이치로 야마모토"
"집사님 마음대로 21완결 + Encore 1권 22","6","순정","레이 이자와"
"펠루아 이야기 20","6","순정","김연주"
"푸른 지평선 아래 4","6","순정","시토우 쿄교"
"언성 신데렐라 12","6","일상,드라마","마마레 아라이"
"너에게 닿기를 30","6","순정","시이나 카루호"
"너에게 닿기를 - 번외편 3","6","순정","시이나 카루호"
"새벽의 연화 47","6","로맨스,판타지","쿠사나기 미즈호"
"June Pride 1","7","순정","오야 카주미"
"계절 지난 계단 1","7","순정","고토 시노부"
"맨발의 왈츠 1","7","순정","오야 카즈미"
"미모의 디테일 1","7","순정","시노부 고토"
"바나나피쉬 19","7","순정","요시다 아키미"
"사랑의 포로 5","7","순정","히노 마츠리"
"하늘 정원 1","7","순정","쿠와바라유코"
"5시부터 9시까지 16","7","로맨스","아이하라 미키"
"너는 펫 9","7","순정","야요이 오가와"
"귀여운 스님의 승복마저 사랑스러워 4","7","순정","혼마 아키라"
"물에 깃든 꽃 5","7","순정","시노하라 치에"
"소악마카페 4","7","순정","오다 아야"
"얼티밋 비너스 9","7","순정","시게마츠 타카코"
"오늘부터 신령님 25","7","순정","스즈키 줄리에타"
"오렌지 플래닛 5","7","순정","후쿠시마 하루카"
"우리들의 사육방법 6","7","순정","야마다 나리"
"철벽선생 13","7","순정","모모코 코다"
"허니 9","7","순정","유타카 타치바나"
"늑대 폐하의 신부 19","7","순정","마토 카우타"
"일하지 않는 두 사람 11","7","일상,드라마","요시다 사토루"
"치하야후루 50","7","탐정,추리,게임","유키 스에츠구"
"클로버 24","7","순정","토리코 치야"
"클로버 트레플 10","7","순정","토리코 치야"
"허니와 클로버 10","7","순정","우미노 치카"
"주술회전 30","1","판타지,SF","아쿠타미 게게"
"소녀신선 3","1","웹툰","효미"
"나의 히어로 아카데미아 42","1","판타지,SF","호리코시 코헤이"
"괴수8호 16","1","판타지,SF","나오야 마츠모토"
"극락가 5","1","판타지,SF","사노 유토"
"단다단 18","1","판타지,SF","타츠 유키노부"
"사카모토 데이즈 26","1","명랑,코믹","유토 스즈키"
"스파이 패밀리 16","1","명랑,코믹","타츠야 엔도"
"아메리카노 엑소더스 11","1","웹툰","박지은"
"약사의 혼잣말 15","1","탐정,추리,게임","네코쿠라게"
"지박소년 하나코군 25","1","판타지,SF","아이다이로"
"체인소 맨 23","1","판타지,SF","타츠키 후지모토"
"카구라바치 10","1","판타지,SF","타케루 호카조노"
"푸른 상자 21","1","로맨스","코우지 미우라"
"히카루가 죽은 여름 8","1","호러,디스토피아","모쿠모쿠 렌"
"어쿠스틱 라이프 14","1","웹툰","난다"
"3월의 라이온 17","1","순정","우미노 치카"
"마음의 소리 레전드 +50 2","1","웹툰","조석"
"마음의 소리 레전드 100 4","1","웹툰","조석"
"메이드 인 어비스 13","1","판타지,SF","아키히토 츠쿠시"
"문유 4","1","웹툰","조석"
"이끼 4","1","웹툰","윤태호"
"파인 4","1","웹툰","윤태호"
"킹더랜드 2","2","웹툰","스푼"
"가담항설 12","2","판타지,SF","랑또"
"걸어서 30분 6","2","웹툰","이온도"
"고래별 6","2","웹툰","나윤희"
"고양이와 할아버지 6","2","웹툰","네코마키"
"남사친의 법칙 3","2","웹툰","이도윤"
"윈드 브레이커 20","2","웹툰","조용석"
"낮에 뜨는 달 5","2","웹툰","헤윰"
"녹두전 5","2","웹툰","혜진양"
"뽀짜툰 8","2","웹툰","채유리"
"순정말고 순종 시즌1 4","2","웹툰","슈안"
"아 지갑놓고 나왔다 1부,2부 10","2","웹툰","미역의효능"
"아쿠아맨 10","2","웹툰","맥퀸스튜디오"
"앙영의 일기장 2","2","웹툰","앙영"
"어서와 3","2","웹툰","고아라 외"
"어쩌다 고양이 집사 2","2","웹툰","스기사쿠"
"외과의사 엘리제 10","2","웹툰","mini/유인"
"외모지상주의 20","2","웹툰","박태준"
"인소의 법칙 8","2","웹툰","아현"
"취향저격 그녀 16","2","로맨스,웹툰","로즈옹"
"크로스 더 라인 8","2","로맨스,웹툰","허윤미"
"화장 지워주는 남자 7","2","웹툰","이연"
"후궁계약 4","2","웹툰","밥꾹/붉은마녀"
"십이야 8","2","웹툰","무류"
"어쩌다 발견한 7월 10","2","웹툰","무류"
"우리사이느은 5","2","로맨스,웹툰","이연지"
"창백한 말 시즌1 3","2","웹툰","추혜연"
"창백한 말 시즌2 1","2","웹툰","추혜연"
"갓 오브 하이스쿨 3","2","웹툰","박용제"
"캐셔로 2","2","액션,무협","team befar"
"옷소매 붉은 끝동 4","2","웹툰",""
"그다이 5","2","웹툰","최용성"
"나빌레라 6","2","웹툰","HUN"
"내세에는 남남이 좋겠어 8","2","로맨스","코니시 아스카"
"내일 (현재 시즌3) 22","2","웹툰","라마"
"놓지마 정신줄 22","2","웹툰","신태훈/나승훈"
"두근두근 두근거려 3","2","웹툰","하일권"
"모럴센스 4","2","웹툰","겨울"
"반딧불이의 혼례 11","2","로맨스","오레코 타치바나"
"손끝과 연연 12","2","로맨스","수 모리시타"
"스킵과 로퍼 11","2","로맨스","타카마츠 미사키"
"식객 27","2","요리,술","허영만"
"식객2 3","2","요리,술","허영만"
"아름다운 초저녁달 10","2","로맨스","미카 야마모리"
"안나라 수마나라 3","2","웹툰","하일권"
"오무라이스 잼잼 12","2","요리,술","조경규"
"지옥사원 9","2","웹툰","네온비"
"최애의 아이 16","2","로맨스","아카 아카사카/멘고 요코야리"
"타몬군 지금 어느쪽 11","2","로맨스","시와즈 유키"
"고수 16","2","액션,무협","문정후/류기운"
"정신병동에도 아침이 와요 3","3","웹툰","이라하"
"나 혼자만 레벨업 15","3","웹툰","장성락/추공"
"덴마 19","3","웹툰","양영순"
"신의 탑 17","3","액션,무협","SIU"
"중증 외상 센터 : 골든아워 11","3","웹툰","한산이가/홍비치라"
"블러드 레인 5","3","액션,무협","민"
"샤크 9","3","액션,무협","운"
"일진의 크기 4","3","액션,무협","윤필"
"청소부 K 5","3","액션,무협","신진우"
"통 4","3","액션,무협","민"
"통 2부 비밀 4","3","액션,무협","민"
"통 3부 유아독존 6","3","액션,무협","민"
"3인칭 1","3","웹툰","꼬마비"
"DP 4","3","웹툰","김보통"
"곱게 자란 자식 9","3","웹툰","이무기"
"노블레스 시즌1 3","3","웹툰","손제호, 이광수"
"노블레스 시즌2 3","3","웹툰","손제호, 이광수"
"노블레스 시즌3 3","3","웹툰","손제호, 이광수"
"닥터 프로스트 시즌4  #16~ 21","3","웹툰","이종범"
"당신의 모든 순간 4","3","웹툰","강풀"
"동네변호사 조들호 6","3","웹툰","해츨링"
"목욕의 신 3","3","웹툰","하일권"
"무빙 5","3","웹툰","강풀"
"반도 프리퀄 631 3","3","웹툰","연상호"
"방과후 전쟁활동 5","3","웹툰","하일권"
"뷰티풀 군바리 8","3","웹툰","설이"
"브릿지 5","3","웹툰","강풀"
"빙탕후루 9","3","웹툰","장희/주호민"
"선천적 얼간이들 4","3","웹툰","가스파드"
"송곳 6","3","웹툰","최규석"
"술꾼도시처녀들 3","3","요리,술","미깡"
"스위트 홈 12","3","호러,디스토피아","김칸비"
"시동 4","3","웹툰","조금산"
"신과 함께: 신화편 3","3","판타지,SF","주호민"
"신과 함께: 이승편 2","3","판타지,SF","주호민"
"쌍갑포차 20","3","요리,술","배혜수"
"아파트 2","3","웹툰","강풀"
"여혜 6","3","웹툰","비나리"
"이제 곧 죽습니다 6","3","웹툰","이원식/꿀찬"
"좀비딸 7","3","웹툰","이윤창"
"종의 기원 1","3","웹툰","개미"
"지옥 2","3","호러,디스토피아","연상호/최규석"
"타이밍 3","3","웹툰","강풀"
"타인은 지옥이다 3","3","웹툰","김용키"
"약한 영웅 9","3","웹툰","김진석"
"화이트 블러드 8","3","웹툰","임리나"
"화산귀환 8","3","액션,무협","비가"
"김비서가 왜 그럴까 6","4","웹툰","김명미"
"N번째 연애 시즌1~3 6","4","웹툰","율로"
"고양이 엉덩이를 좋아합니다 1","4","웹툰","나나옹"
"남자친구를 조심해 3","4","웹툰","이네"
"남팬만화 7","4","웹툰","장진"
"내 남편과 결혼해줘 7","4","로맨스,웹툰","LICO/성소작"
"노곤하개 8","4","웹툰","홍끼"
"대학일기 5","4","웹툰","자까"
"독립일기 6","4","웹툰","자까"
"소녀의 세계 9","4","웹툰","모랑지"
"시간의 계단 7","4","웹툰","제뉴"
"썅년의 미학 1","4","웹툰","민서영"
"성공한 덕후 2","4","웹툰",""
"살롯에게는 다섯 명의 제자가 있다 2","4","웹툰",""
"도쿄 후회망상 아가씨 9","12","순정","히가시라무라 아키코"
"후쿠야당 딸들 11","12","순정","유치 야요미"
"바라카몬 19","12","일상,드라마","요시노 사츠키"
"한다군 7","12","명랑,코믹","요시노 사츠키"
"던전밥 14","12","요리,술","쿠이 료코"
"리얼 어카운트 24","12","판타지,SF","시즈무 와타나베"
"종말의 세라프 33","12","판타지,SF","카가미 타카야"
"사카모토 입니다만? 4","12","코믹스","사노 나미"
"불쾌한 모노노케안 18","12","판타지,SF","와자와키리"
"사이키 쿠스오의 재난 26","12","판타지,SF","아소 슈이치"
"극주부도 15","12","명랑,코믹","코우즈케 오오노"
"데스노트 12","12","호러,디스토피아","오바 츠구미"
"백 스트리트 걸스 12","12","명랑,코믹","재스민 규"
"아인 17","12","판타지,SF","사쿠라이 가몬, 미우라 츠이나 "
"암살교실 21","12","판타지,SF","유세이 마츠이"
"마슐 18","12","판타지,SF","코모토 하지메"
"미기와 다리 7","12","명랑,코믹","사노 나미"
"아르테 20","12","일상,드라마","오쿠보 케이"
"여학교의 별 4","12","명랑,코믹","아야마 야마"
"골든 카무이 31","12","액션,무협","사토루 노다"
"나와 호랑이님 27","13","로맨스,판타지","카넬"
"서뱀프 21","13","순정,판타지","타나카 스트라이크"
"스킵 비트 50","13","순정","나카무라 요시키"
"카케구루이 19","13","탐정,추리,게임","아시하라 다이스케"
"카케구루이 트윈 15","13","탐정,추리,게임","아시하라 다이스케"
"블랙 클로버 36","13","판타지,SF","타바타 유키"
"비스타즈 22","13","판타지,SF","이타가키 파루"
"약속의 네버랜드 20","13","판타지,SF","카이우 시라이 / 포스카 데미스"
"블루 록 36","13","스포츠","카네시로 무네유키"
"하이큐 45","13","스포츠","후루다테 하루이치"
"하이큐 스핀오프 (렛츠 하이큐) 8","13","스포츠","후루다테 하루이치"
"괴물사변 23","13","판타지,SF","쇼 아이모토"
"불멸의 그대에게 24","13","판타지,SF","오이마 요시토키"
"모브사이코 100 16","13","판타지,SF","원"
"버츄얼 그림동화 2","14","순정","강경옥"
"스타가 되고싶어 2","14","순정","강경옥"
"오디션 10","14","순정","천계영"
"이 카드입니까 3","14","순정","강경옥"
"인연 13","14","순정","심수정"
"하백의 신부 24+외전 25","14","순정","윤미경"
"현재진행형 ing 4","14","순정","강경옥"
"킹덤 75","14","순정","마오 후지사키"
"고스트 바둑왕 23","14","탐정,추리,게임","홋타 유미"
"공각기동대 3","14","판타지,SF","야마다, 마사키"
"마기 37","14","판타지,SF","오타카 시노부"
"마기 신드바드의 모험 19","14","판타지,SF","오타카 시노부"
"일곱개의 대죄 41","14","판타지,SF","스즈키 나카바"
"페어리 테일 63","14","판타지,SF","히로 마시마"
"더 화이팅 144","14","액션,무협","조지 모리카와"
"바람의 검심 22","14","액션,무협","노부히로 와츠키"
"소년왕녀 5","14","순정","유키히로 우타코"
"세이버 17","14","순정","이은영"
"원수를 사랑하라 18","14","순정","한유랑"
"유리가면 완전판14권+코믹스42~49권 22","15","순정","미우치 스즈에"
"카드캡터 사쿠라 클리어카드편 16","15","순정,판타지","CLAMP"
"카드캡터 체리 12","15","순정","CLAMP"
"미래일기 12권+외전2권 14","15","판타지,SF","타츠카와 마츠히코"
"열혈강호 95","15","액션,무협","전극진"
"사랑애 15","15","순정","한유랑"
"솔직 담백하게 7","15","순정","류량"
"암컷늑대의 BOY 17","15","순정","한유랑"
"조강지처 길들이기 12","15","순정","한유랑"
"둘시네아를 위하여 6","15","순정","황미리"
"레드문 18","15","순정","황미나"
"환상의 게임 6","15","순정","이시영"
"김전일 37세의 사건부 18","15","탐정,추리,게임","기바야시 신, 사토 후미야"
"꽃보다 남자 (37+FF) 38","15","순정","카미오 요코"
"명탐정 코난 107","15","탐정,추리,게임","아오야마 고쇼"
"소년탐정 김전일 30th 4","15","탐정,추리,게임","기바야시 신, 사토 후미야"
"소년탐정 김전일 시즌1 39","15","탐정,추리,게임","기바야시 신"
"소년탐정 김전일 시즌2 32","15","탐정,추리,게임","기바야시 신, 사토 후미야"
"소년탐정 김전일 특별판 6","15","탐정,추리,게임","기바야시 신"
"귀멸의 칼날 24","16","판타지,SF","고토게 코요하루"
"귀멸학원 6","16","판타지,SF","고토게 코요하루"
"불꽃 소방대 34","16","판타지,SF","오쿠보 아츠시"
"은혼 77","16","판타지,SF","소라치 히데아키"
"진격의 거인 34","16","판타지,SF","이사야마 하지메"
"진격의 거인Before the fall 17","16","판타지,SF","이사야마 하지메"
"아르슬란 전기 21","16","판타지,SF","다나카 요시키"
"문호 스트레이독스 25","16","판타지,SF","하루카와 산고"
"원피스 114","16","판타지,SF","오다 에이치로"
"원피스 레드 1","16","판타지,SF","오다 에이치로"
"원피스 블루 1","16","판타지,SF","오다 에이치로"
"강철의 연금술사 완전판 18","17","판타지,SF","아라카와 히로무"
"디 그레이맨 29","17","판타지,SF","호시노 카츠라"
"장송의 프리렌 15","17","판타지,SF","야마다 카네히토"
"총몽 라스트 오더 12","17","판타지,SF","기시로 유키토"
"총몽 화성전기 9","17","판타지,SF","기시로 유키토"
"헌터X헌터 38","17","판타지,SF","요시히로 토가시"
"도쿄 리벤저스 31","17","판타지,SF","켄 와쿠이"
"도쿄대 리벤저스 6","17","판타지,SF","켄 와쿠이"
"드래곤 볼 (완전판 드래곤볼) 34","17","판타지,SF","토리야마 아키라"
"드래곤 볼 슈퍼 24","17","판타지,SF","토리야마 아키라"
"나루토 72","17","판타지,SF","키시모토 마사시"
"보루토 20","17","판타지,SF","코타치 우코"
"원펀맨 35","17","판타지,SF","원, 무라타 유스케"
"나나 (21권+7.8권) 22","5","순정","야자와 아이"
"다이아몬드 에이스 47","5","스포츠","유지 테라지마"
"다이아몬드 에이스 act2 34","5","스포츠","유지 테라지마"
"메이저 78","18","스포츠","미코토 아소우"
"메이저 2nd 30","18","스포츠","미코토 아소우"
"겁쟁이 페달 92","6","스포츠","와타나베 와타루"
"리얼 (Real) 16","5","스포츠","이노우에 다케히코"
"세인트 영멘 21","6","명랑,코믹","히카루 나카무라"
"슬램덩크 31","5","스포츠","이노우에 다케히코"
"천지창조 디자인부 8","18","판타지,SF","헤비 조우/츠타 스즈키"
"클로저 이상용 11","18","스포츠","최훈"
"테니스의 왕자 42","5","스포츠","코노미 타케시"
"테니스의 왕자 (신) 40","6","스포츠","고노미 타케시"
"퍼펙트게임 시즌1 3","18","스포츠","장이"
"퍼펙트게임 시즌2 5","18","스포츠","장이"
"퍼펙트게임 시즌3 6","18","스포츠","장이"
"미이라 사육법 4","7","웹툰","우즈기 카케루"
"오늘부터 우리는!! 38","7","액션,무협","히로유키 니시모리"
"커프스 32","7","코믹스","토조 진"
"흑집사 34","7","순정,판타지","야나 토보소"
"할램비트는 새벽까지 5","8","순정","카즈사 타카시마"
"라면 짱 17","8","요리,술","츠지야마 시게루"
"먹짱! 24","8","요리,술","츠치야마 시게루"
"미스터 요리왕 41","8","요리,술","스에다 유이치로"
"미스터 초밥왕 27","8","요리,술","테라사와 다이스케"
"미스터 초밥왕 전국대회편 (애장판) 8","8","요리,술","카츠시카 호쿠세이/우라사와 나오키"
"바텐더 21","8","요리,술","조 아라키"
"블루 자이언트 10","8","일상,드라마","이시즈카 신이치"
"스매시! 18","8","스포츠","사키 카오리"
"식극의 소마 36","8","요리,술","츠쿠다 유우토"
"신의 물방울 44","8","요리,술","기바야시 신"
"신의 물방울 2부 마리아주 26","8","요리,술","기바야시 신"
"신의 물방울 3부 되지엠 2","8","요리,술","기바야시 신"
"신의 물방울 스핀오프 괴도 르 뱅 2","8","요리,술","기바야시 신"
"심야식당 30","8","요리,술","아베 야로"
"우주형제 45","8","일상,드라마","츄야 코야마"
"라이어 게임 19","9","판타지,SF","카이타니 시노부"
"라이어 게임 외전 1","9","판타지,SF","카이타니 시노부"
"아일랜드 1부 4","9","웹툰","윤인완/양경일"
"아일랜드 2부 4","9","웹툰","윤인완/양경일"
"GIGANT (기간트) 10","9","판타지,SF","오쿠 히로야"
"금요일 2","9","웹툰","배진수"
"기기괴괴 시리즈 5","9","호러,디스토피아","오성대"
"기생수 8","9","호러,디스토피아","이와아키 히토시"
"기생수 리버시 8","9","판타지,SF","이와아키 히토시"
"나쁜 상사 4","9","로맨스,웹툰","네온비"
"도쿄구울 14","9","호러,디스토피아","스이 이시다"
"도쿄구울:re 16","9","호러,디스토피아","스이 이시다"
"바쿠만 20","9","일상,드라마","오바 츠구미"
"베르세르크 42","9","판타지,SF","미우라 켄타로"
"붉은여우 7","9","로맨스,판타지","하마"
"신이 말하는대로 5","9","호러,디스토피아","카네시로 무네유키"
"신이 말하는대로 제2부 21","9","호러,디스토피아","카네시로 무네유키"
"신체찾기 17","9","호러,디스토피아","무라세 카츠토시"
"신체찾기 (해) 5","9","호러,디스토피아","무라세 카츠토시"
"심령탐정 야쿠모 2","9","탐정,추리,게임","리츠 미야코"
"심령탐정 야쿠모 14","9","탐정,추리,게임","스즈카 오다"
"아일랜드 : 무법도 6","9","호러,디스토피아","모리 코우지"
"아일랜드 : 자살도 17","9","호러,디스토피아","모리 코우지"
"이토준지 공포박물관 10","9","호러,디스토피아","이토 준지"
"인간실격 3","9","호러,디스토피아","이토 준지"
"저속령 10","9","호러,디스토피아","오카즈 사키"
"정치9단 20","9","일상,드라마","히로카네 켄시"
"지금 우리 학교는 5","9","호러,디스토피아","주동근"
"환괴지대 1","9","호러,디스토피아","이토 준지"
"환상인형괴담 5","9","호러,디스토피아","유조 타카다"
"히로인즈 게임 3","9","판타지,SF","이오리 타바사"
"마스카라 블루스 1","10","순정","이오 사키사카"
"모르는 나라이야기 3","10","순정","나츠나 카와세"
"사랑노래 말고 내게 빠져봐 5","10","순정","신조 마유"
"오빠와 나 11","10","순정","토케이노 하리"
"컨트리 하우스에 어서오세요! 3","10","순정","아마네 유코"
"허니 3","10","순정","마치코 사쿠라이"
"흰창문 너머 2","10","순정","히가와 쿄오코"
"그 남자! 그 여자! 21","10","순정","츠다 마사미"
"꽃에게 짐승 10","10","순정","스기야마 미와코"
"내가 인기 있어서 어쩌자는 거야 14","10","순정","준코"
"이런 상사 때문에 곤란하다면 4","10","순정","미카 사쿠라노"
"후르츠 바스켓 23","10","순정","타카야 나츠키"
"후르츠 바스켓 another 4","10","순정","타카야 나츠키"
"건어물 여동생 우마루짱 12","10","순정","산카쿠헤드"
"그녀는 거짓말을 너무 사랑해 22","10","순정","오가사와라 아키"
"날씨의 아이 3","10","순정,판타지","신카이 마코토"
"너의 이름은 3","10","순정","란마루 코토네"
"너의 이름은 another side 2","10","순정","란마루 코토네"
"너의 췌장을 먹고 싶어 2","10","순정","키리하라 이즈미"
"미녀는 못말려 6","10","순정","스즈키 유미코"
"병아리 왈츠 9","10","로맨스","사토나카 미카"
"사랑하고 사랑받고, 차고 차이고 12","10","순정","이오 사키사카"
"피스 10","10","순정","아시하라 히나코"
"하트나라의 앨리스 6","10","순정","호시노 소우메이"
"꽃보다도 꽃처럼 22","10","일상,드라마","나리타 미나코"
"모모의 의술사 3","10","일상,드라마","산바 나오모토/논 아사노"
"장난스런 키스 23","10","순정","카오루 타다"
"히노코 8","10","순정","츠다  마사미"
"뻐꾸기 커플 28","10","로맨스","미키 요시카와"
"사라져라, 군청 3","10","판타지,SF","우즈키 아이/코노 유카타"
"스즈메의 문단속 3","10","순정,판타지","신카이 마코토"
"GIRLxGIRLxBOY 1","11","순정","쿠지라"
"그러니까 사랑이라고 하지마 5","11","순정","후지와라 요시코"
"꿈의 궁전 피콜로 6","11","순정","나카지 유키"
"미스터리 커플 4","11","순정","오카노 후미카"
"비너스의 짝사랑 12","11","순정","나카지 유키"
"키잭 7","11","순정","시오미 치카"
"풀 하우스 키스 6","11","순정","시오뢰 유와"
"5등분의 신부 14","11","순정","하루바 네기"
"솔직하게 키스 9","11","순정","후미에 아쿠타"
"오늘은 회사 쉬겠습니다 13","11","순정","후지무라 마리"
"커피&바닐라 24","11","로맨스","타카라 아케가미"
"호리미야 17","11","로맨스","히로, 하기와라 다이스케"
"N과S 5","11","로맨스","렌쥬로 긴다이치"
"P와 여고생 16","11","로맨스","마키 미요시"
"건방진 그녀석 23","11","순정","미츠바치 미유키"
"궁 28","11","순정","박소희"
"오늘, 사랑을 시작합니다 15","11","순정","미나미 카난"
"캐러멜 키스 4","11","순정","야가미 치토세"
"병아리 사랑 14","11","순정","유키마루 모에"
"시이나 군의 동물백과 6","11","순정","토츠키 시야"
"전당포 시노부의 보석상자 25","11","순정","니노미야 토모코"
"니세코이 25","11","로맨스","나오시 코미"
"제로에서 시작하는 마법의 서 6","11","판타지,SF","코바시리 카케루"
"80세 마리코 16","11","순정","오자와 유키"
"무능한 나나 13","11","판타지,SF","Looseboy"
"봇치 더 록 8","11","일상,드라마","아키 하마지"
"월간순정 노자키군 16","11","명랑,코믹","이즈미 츠바키"
"프로미스 신데렐라 16","11","로맨스","오레코 타치바나"
"한밤중 하트튠 8","11","로맨스","마사쿠니 이가라시"
"누드 후르츠 3","12","순정","키타가와 미유키"
"뉴 게임 10","12","순정","쇼타로 토쿠노"
"H2 17","5","스포츠","아다치 미쯔루"
"미유키 5","5","스포츠","아다치 미쯔루"
"크로스게임 소장판 9","5","스포츠","아다치 미쯔루"
"터치 11","5","스포츠","아다치 미쯔루"
"믹스(Mix) 23","5","스포츠","아다치 미쯔루"
"현자의 긴 부재 8","18","Sf","모야무 후지노"
"요츠바랑 16","18","명랑,코믹","아즈마 키요히코"
"사랑전선 12","18","로맨스","쿄유미 마슈모토"
"복원가의 집 24","18","코믹스","김상엽"
"도서관의 주인 15","18","코믹스","우미하루 시노하라"
"도라에몽 45","18","명랑,코믹","후지코F 후지오"
"도라에몽 1","18","명랑,코믹","후지코F 후지오"
"도라에몽 극장판 <진구의 인어대해전> 1","18","명랑,코믹","후지코F 후지오"
"도라에몽 장편시리즈 23","18","명랑,코믹","후지코F 후지오"
"도라에몽 컬러작품집 2","18","명랑,코믹","후지코F 후지오"
"도라에몽 플러스 5","18","명랑,코믹","후지코F 후지오"
"도서관의 주인 15","18","코믹스","우미하루 시노하라"
"괴짜가족 31","18","명랑,코믹","켄지 하마오카"
"조선왕조실톡 7","18","역사","무적핑크"
"왕좌의 게임 2","18","sf","조지r.r.마틴"
"아만츄 17","18","명랑,코믹","아마노 코즈에"
"메달리스트 14","6","스포츠","츠루마 이카다"
"패왕애인 9","18","순정","신주"
"아사 이야기 9","18","일상,드라마","우라사와 나오키"
"녹색의 왕 9","18","","히로시 타카시지소가"
"몽환 백서 20","19","",""
"디어보이스  ACT1 23","18","스포츠","야가미 히로키"
"디어보이스  ACT2 30","18","스포츠","야가미 히로키"
"디어보이스  ACT3 21","18","스포츠","야가미 히로키"
"개구리 하사 케로로 24","18","명랑,코믹","요시자키 미네"
"개구리 하사 케로로 <특별판> 3","18","명랑,코믹","요시자키 미네"
"카페타 32","18","스포츠","소다 마사히토"
"보노보노 45","18","명랑,코믹","이가라시 미키오"
"출동 119 구조대 20","19","일상,드라마","소다 마사히토"
"SECRET WAR(시크릿 워)(시공 그래픽 노블) 1","20","마블DC","빅셔너리"
"Wolverine Weapon X(울버린 웨폰 X)(Marvel) 1","20","마블DC","마블 코믹스"
"Wolverine(울버린)(Marvel) 1","20","마블DC","마블 코믹스"
"Wolverine(울버린)올드 맨 로건 1","20","마블DC","마블 코믹스"
"나답게 살고 있습니다 1","20","웹툰","마스다 미리"
"내가 정말 원하는 건 뭐지 1","20","웹툰","마스다 미리"
"너의 곁에서 1","20","웹툰","마스다 미리"
"뉴 52! 원더 우먼. 1: 피(DC COMICS) 1","20","마블DC","브라이언 아자렐로"
"데드풀 4","20","마블DC","Gerry"
"배트맨 6","20","마블DC","스콧 스나이더"
"사가(Saga) 9","20","마블DC","브라이언 K"
"수어사이드 스쿼드 2","20","마블DC","아담 글래스"
"슈퍼맨 배트맨: 공공의 적 1","20","마블DC","제프 로브"
"시빌 워(시공 그래픽 노블) 1","20","마블DC","마크 밀러"
"아메리칸 뱀파이어 5","20","마블DC","스콧 스나이더"
"아무래도 싫은 사람 1","20","웹툰","마스다 미리"
"아이언 맨 : S.H.I.E.L.D. 국장 1","20","마블DC","대니얼 & 찰"
"아이언 맨: 엑시큐트 프로그램 1","20","마블DC","대니얼 노프"
"아이언 맨: 익스트리미스 1","20","마블DC","워런 엘리스"
"아이언 맨: 헌티드 1","20","마블DC","대니얼 & 찰"
"앤트맨 2","20","마블DC","BLU-RAY"
"어메이징 스파이더맨 4","20","마블DC","댄 슬롯"
"어벤저스 : 엔드게임 프렐류드 1","20","마블DC","읠 코로나 필그림"
"어벤저스 디스어셈블드 1","20","마블DC","Brian M"
"엑스맨 : 세컨드 커밍(Marvel) 1","20","마블DC","크레이그 카일"
"엑스맨: 다크 피닉스 사가 1","20","마블DC","크리스 클레어"
"엑스맨: 데들리 제네시스 1","20","마블DC","크리스 클레어"
"엑스맨: 데이즈 오브 퓨쳐 패스트 1","20","마블DC","크리스 클레어"
"엑스맨: 뮤턴트 제네시스 1","20","마블DC","크리스 클레어"
"울고싶은 날의 보노보노 1","20","그래픽노블","이가라시 미키오"
"울기엔 좀 애매한 1","20","웹툰","최규석"
"위로받고 싶은 날의 보노보노 1","20","그래픽노블","이가라시 미키오"
"저스티스 리그, 위대한 승리 9","20","마블DC","제프 존스"
"제가 좀 별나긴 합니다만… 1","20","그래픽노블","쥘리 다셰 / 마드무아젤 카롤린"
"주말엔 숲으로 1","20","웹툰","마스다 미리"
"지금 이대로 괜찮은 걸까? 1","20","웹툰","마스다 미리"
"차의 시간 1","20","웹툰","마스다 미리"
"추락 1","20","그래픽노블","마드무아젤 카롤린"
"치에코씨의 소소한 행복 4","20","웹툰","마스다 미리"
"캡틴 아메리카: 윈터 솔저 1","20","마블DC","에드 브루베이커"
"캡틴 아메리카: 적색의 공포 2","20","마블DC","에드 브루베이커"
"토르: 천둥의 시대(Marvel) 1","20","마블DC","Matt Fraction"
"평균 연령 60세 사와무라씨 댁 시리즈 4","20","웹툰","마스다 미리"
"평균 연령 60세 사와무라씨 댁 행복한 수다 1","20","웹툰","마스다 미리"
"하우스 오브 엠(시공 그래픽 노블) 1","20","마블DC","BRIANMI"
"할리 퀸 2","20","마블DC","롭 윌리엄스"
"헐크: 월드 워 헐크(MARVEL) 1","20","마블DC","Greg Pak"
"헐크: 플래닛 헐크(시공 그래픽 노블) 1","20","마블DC","Greg Pak"
"북유럽 빵빠라빵 여행 1","20","요리,술","야마모토 아리"
"블루 자이언트 슈프림 11","20","일상,드라마","이시즈카 신이치"
"블루 자이언트 익스플로러 9","20","일상,드라마","이시즈카 신이치"
"마루밑 아리에티 4","20","명랑,코믹","미야자키 하야오"
"벼랑 위의 포뇨 4","18","명랑,코믹","미야자키 하야오"
"보노보노 45","18","명랑,코믹","이가라시 미키오"
"센과 치히로의 행방불명 5","18","명랑,코믹","미야자키 하야오"
"이웃집 토토로 4","18","명랑,코믹","미야자키 하야오"
"하울의 움직이는 성 4","18","명랑,코믹","미야자키 하야오"
"결혼하지 않아도 괜찮을까 1","20","웹툰","마스다 미리"
"일하는 세포 black","1","일상",""
"블루 록 나기","13","스포츠","카네시로 무네유키"
"다이아몬드 에이스 2 외전","5","스포츠",""
"조조코믹스 3","5","일상","이동건"
"전지적 독자 시점","3","판타지","슬리피"
"이누야시키","9","sf, 판타지","오쿠 히로야"
"헌신하겠습니다","6","순정","토마 레이"
"메이플스토리 수학도둑","20","아이, 교육","여운방"
"GOGO 카카오프렌즈","20","아이, 교육","김미영"
"레벨업 카카오프렌즈","20","아이, 교육","김미영"
"카카오프렌즈 과학 탐정단","20","아이, 교육","조영선"
"스페셜 솔져 영단어를 쏴라","20","아이, 교육","송도수"
"스페셜 솔져 생존탐험대","20","아이, 교육","유대영"
"도티&잠뜰 코믹시리즈","20","아이, 코믹","김현수"
"그램그램 영문법 원정대","20","아이, 교육","장영준"
